Fips,County,State,Confirmed
60,,American Samoa,0
66,,Guam,319
69,,Northern Mariana Islands,38
72001,Adjuntas,Puerto Rico,72
72003,Aguada,Puerto Rico,71
72005,Aguadilla,Puerto Rico,112
72007,Aguas Buenas,Puerto Rico,81
72009,Aibonito,Puerto Rico,60
72011,Anasco,Puerto Rico,89
72013,Arecibo,Puerto Rico,186
72015,Arroyo,Puerto Rico,65
72017,Barceloneta,Puerto Rico,38
72019,Barranquitas,Puerto Rico,131
72021,Bayamon,Puerto Rico,758
72023,Cabo Rojo,Puerto Rico,135
72025,Caguas,Puerto Rico,415
72027,Camuy,Puerto Rico,69
72029,Canovanas,Puerto Rico,219
72031,Carolina,Puerto Rico,614
72033,Catano,Puerto Rico,96
72035,Cayey,Puerto Rico,136
72037,Ceiba,Puerto Rico,40
72039,Ciales,Puerto Rico,81
72041,Cidra,Puerto Rico,100
72043,Coamo,Puerto Rico,67
72045,Comerio,Puerto Rico,84
72047,Corozal,Puerto Rico,84
72049,Culebra,Puerto Rico,11
72051,Dorado,Puerto Rico,181
72053,Fajardo,Puerto Rico,128
72054,Florida,Puerto Rico,64
72055,Guanica,Puerto Rico,50
72057,Guayama,Puerto Rico,101
72059,Guayanilla,Puerto Rico,91
72061,Guaynabo,Puerto Rico,542
72063,Gurabo,Puerto Rico,152
72065,Hatillo,Puerto Rico,62
72067,Hormigueros,Puerto Rico,63
72069,Humacao,Puerto Rico,121
72071,Isabela,Puerto Rico,80
72073,Jayuya,Puerto Rico,168
72075,Juana Diaz,Puerto Rico,133
72077,Juncos,Puerto Rico,71
72079,Lajas,Puerto Rico,60
72081,Lares,Puerto Rico,102
72083,Las Marias,Puerto Rico,34
72085,Las Piedras,Puerto Rico,106
72087,Loiza,Puerto Rico,64
72089,Luquillo,Puerto Rico,72
72091,Manati,Puerto Rico,84
72093,Maricao,Puerto Rico,36
72095,Maunabo,Puerto Rico,36
72097,Mayaguez,Puerto Rico,318
72099,Moca,Puerto Rico,94
72101,Morovis,Puerto Rico,120
72103,Naguabo,Puerto Rico,61
72105,Naranjito,Puerto Rico,116
72107,Orocovis,Puerto Rico,116
72109,Patillas,Puerto Rico,70
72111,Penuelas,Puerto Rico,45
72113,Ponce,Puerto Rico,315
72115,Quebradillas,Puerto Rico,52
72117,Rincon,Puerto Rico,60
72119,Rio Grande,Puerto Rico,168
72121,Sabana Grande,Puerto Rico,92
72123,Salinas,Puerto Rico,123
72125,San German,Puerto Rico,111
72127,San Juan,Puerto Rico,1625
72129,San Lorenzo,Puerto Rico,93
72131,San Sebastian,Puerto Rico,135
72133,Santa Isabel,Puerto Rico,71
72135,Toa Alta,Puerto Rico,279
72137,Toa Baja,Puerto Rico,276
72139,Trujillo Alto,Puerto Rico,263
72141,Utuado,Puerto Rico,41
72143,Vega Alta,Puerto Rico,124
72145,Vega Baja,Puerto Rico,191
72147,Vieques,Puerto Rico,28
72149,Villalba,Puerto Rico,64
72151,Yabucoa,Puerto Rico,60
72153,Yauco,Puerto Rico,145
78,,Virgin Islands,304
1001,Autauga,Alabama,838
1003,Baldwin,Alabama,1990
1005,Barbour,Alabama,479
1007,Bibb,Alabama,274
1009,Blount,Alabama,465
1011,Bullock,Alabama,395
1013,Butler,Alabama,682
1015,Calhoun,Alabama,814
1017,Chambers,Alabama,739
1019,Cherokee,Alabama,172
1021,Chilton,Alabama,477
1023,Choctaw,Alabama,238
1025,Clarke,Alabama,387
1027,Clay,Alabama,124
1029,Cleburne,Alabama,80
1031,Coffee,Alabama,546
1033,Colbert,Alabama,757
1035,Conecuh,Alabama,290
1037,Coosa,Alabama,73
1039,Covington,Alabama,553
1041,Crenshaw,Alabama,172
1043,Cullman,Alabama,826
1045,Dale,Alabama,538
1047,Dallas,Alabama,1141
1049,DeKalb,Alabama,1325
1051,Elmore,Alabama,1268
1053,Escambia,Alabama,640
1055,Etowah,Alabama,1356
1057,Fayette,Alabama,121
1059,Franklin,Alabama,1027
1061,Geneva,Alabama,146
1063,Greene,Alabama,220
1065,Hale,Alabama,401
1067,Henry,Alabama,192
1069,Houston,Alabama,892
1071,Jackson,Alabama,576
1073,Jefferson,Alabama,8901
1075,Lamar,Alabama,134
1077,Lauderdale,Alabama,773
1079,Lawrence,Alabama,185
1081,Lee,Alabama,2043
1083,Limestone,Alabama,879
1085,Lowndes,Alabama,515
1087,Macon,Alabama,261
1089,Madison,Alabama,3588
1091,Marengo,Alabama,428
1093,Marion,Alabama,430
1095,Marshall,Alabama,2400
1097,Mobile,Alabama,6150
1099,Monroe,Alabama,318
1101,Montgomery,Alabama,5178
1103,Morgan,Alabama,1722
1105,Perry,Alabama,335
1107,Pickens,Alabama,308
1109,Pike,Alabama,546
1111,Randolph,Alabama,328
1113,Russell,Alabama,936
1115,St. Clair,Alabama,828
1117,Shelby,Alabama,2287
1119,Sumter,Alabama,323
1121,Talladega,Alabama,602
1123,Tallapoosa,Alabama,707
1125,Tuscaloosa,Alabama,3215
1127,Walker,Alabama,1257
1129,Washington,Alabama,219
1131,Wilcox,Alabama,351
1133,Winston,Alabama,350
2013,Aleutians East,Alaska,0
2016,Aleutians West,Alaska,1
2020,Anchorage,Alaska,962
2050,Bethel,Alaska,16
2060,Bristol Bay,Alaska,6
2068,Denali,Alaska,1
2070,Dillingham,Alaska,1
2090,Fairbanks North Star,Alaska,316
2100,Haines,Alaska,3
2105,Hoonah-Angoon,Alaska,0
2110,Juneau,Alaska,63
2122,Kenai Peninsula,Alaska,245
2130,Ketchikan Gateway,Alaska,25
2150,Kodiak Island,Alaska,5
2158,Kusilvak,Alaska,3
2164,Lake and Peninsula,Alaska,0
2170,Matanuska-Susitna,Alaska,190
2180,Nome,Alaska,16
2185,North Slope,Alaska,6
2188,Northwest Arctic,Alaska,8
2195,Petersburg,Alaska,6
2198,Prince of Wales-Hyder,Alaska,2
2220,Sitka,Alaska,15
2230,Skagway,Alaska,0
2240,Southeast Fairbanks,Alaska,11
2261,Valdez-Cordova,Alaska,17
2275,Wrangell,Alaska,3
2282,Yakutat,Alaska,0
2290,Yukon-Koyukuk,Alaska,29
4001,Apache,Arizona,2740
4003,Cochise,Arizona,1260
4005,Coconino,Arizona,2675
4007,Gila,Arizona,573
4009,Graham,Arizona,298
4011,Greenlee,Arizona,40
4012,La Paz,Arizona,435
4013,Maricopa,Arizona,96711
4015,Mohave,Arizona,2281
4017,Navajo,Arizona,4817
4019,Pima,Arizona,13594
4021,Pinal,Arizona,6651
4023,Santa Cruz,Arizona,2340
4025,Yavapai,Arizona,1394
4027,Yuma,Arizona,9374
5001,Arkansas,Arkansas,134
5003,Ashley,Arkansas,137
5005,Baxter,Arkansas,44
5007,Benton,Arkansas,3887
5009,Boone,Arkansas,79
5011,Bradley,Arkansas,101
5013,Calhoun,Arkansas,6
5015,Carroll,Arkansas,286
5017,Chicot,Arkansas,260
5019,Clark,Arkansas,103
5021,Clay,Arkansas,90
5023,Cleburne,Arkansas,156
5025,Cleveland,Arkansas,43
5027,Columbia,Arkansas,139
5029,Conway,Arkansas,114
5031,Craighead,Arkansas,739
5033,Crawford,Arkansas,360
5035,Crittenden,Arkansas,957
5037,Cross,Arkansas,117
5039,Dallas,Arkansas,21
5041,Desha,Arkansas,110
5043,Drew,Arkansas,116
5045,Faulkner,Arkansas,926
5047,Franklin,Arkansas,44
5049,Fulton,Arkansas,20
5051,Garland,Arkansas,499
5053,Grant,Arkansas,83
5055,Greene,Arkansas,175
5057,Hempstead,Arkansas,131
5059,Hot Spring,Arkansas,1354
5061,Howard,Arkansas,178
5063,Independence,Arkansas,114
5065,Izard,Arkansas,28
5067,Jackson,Arkansas,48
5069,Jefferson,Arkansas,1029
5071,Johnson,Arkansas,500
5073,Lafayette,Arkansas,38
5075,Lawrence,Arkansas,142
5077,Lee,Arkansas,865
5079,Lincoln,Arkansas,1121
5081,Little River,Arkansas,65
5083,Logan,Arkansas,110
5085,Lonoke,Arkansas,261
5087,Madison,Arkansas,231
5089,Marion,Arkansas,15
5091,Miller,Arkansas,360
5093,Mississippi,Arkansas,450
5095,Monroe,Arkansas,35
5097,Montgomery,Arkansas,15
5099,Nevada,Arkansas,117
5101,Newton,Arkansas,17
5103,Ouachita,Arkansas,52
5105,Perry,Arkansas,39
5107,Phillips,Arkansas,214
5109,Pike,Arkansas,35
5111,Poinsett,Arkansas,96
5113,Polk,Arkansas,104
5115,Pope,Arkansas,875
5117,Prairie,Arkansas,49
5119,Pulaski,Arkansas,3717
5121,Randolph,Arkansas,98
5123,St. Francis,Arkansas,960
5125,Saline,Arkansas,594
5127,Scott,Arkansas,21
5129,Searcy,Arkansas,20
5131,Sebastian,Arkansas,1166
5133,Sevier,Arkansas,861
5135,Sharp,Arkansas,81
5137,Stone,Arkansas,32
5139,Union,Arkansas,313
5141,Van Buren,Arkansas,38
5143,Washington,Arkansas,5234
5145,White,Arkansas,169
5147,Woodruff,Arkansas,18
5149,Yell,Arkansas,916
6001,Alameda,California,9256
6003,Alpine,California,2
6005,Amador,California,57
6007,Butte,California,640
6009,Calaveras,California,87
6011,Colusa,California,223
6013,Contra Costa,California,5731
6015,Del Norte,California,66
6017,El Dorado,California,443
6019,Fresno,California,10639
6021,Glenn,California,219
6023,Humboldt,California,189
6025,Imperial,California,8606
6027,Inyo,California,40
6029,Kern,California,9234
6031,Kings,California,3398
6033,Lake,California,151
6035,Lassen,California,512
6037,Los Angeles,California,159045
6039,Madera,California,1179
6041,Marin,California,4376
6043,Mariposa,California,38
6045,Mendocino,California,199
6047,Merced,California,2694
6049,Modoc,California,0
6051,Mono,California,83
6053,Monterey,California,3353
6055,Napa,California,632
6057,Nevada,California,228
6059,Orange,California,29986
6061,Placer,California,1403
6063,Plumas,California,24
6065,Riverside,California,29983
6067,Sacramento,California,7326
6069,San Benito,California,458
6071,San Bernardino,California,24099
6073,San Diego,California,24135
6075,San Francisco,California,5305
6077,San Joaquin,California,8321
6079,San Luis Obispo,California,1306
6081,San Mateo,California,4551
6083,Santa Barbara,California,4991
6085,Santa Clara,California,7795
6087,Santa Cruz,California,772
6089,Shasta,California,242
6091,Sierra,California,1
6093,Siskiyou,California,50
6095,Solano,California,2759
6097,Sonoma,California,2169
6099,Stanislaus,California,6508
6101,Sutter,California,539
6103,Tehama,California,151
6105,Trinity,California,2
6107,Tulare,California,6896
6109,Tuolumne,California,101
6111,Ventura,California,5192
6113,Yolo,California,1196
6115,Yuba,California,289
8001,Adams,Colorado,5133
8003,Alamosa,Colorado,207
8005,Arapahoe,Colorado,6075
8007,Archuleta,Colorado,19
8009,Baca,Colorado,14
8011,Bent,Colorado,5
8013,Boulder,Colorado,1650
8014,Broomfield,Colorado,362
8015,Chaffee,Colorado,215
8017,Cheyenne,Colorado,9
8019,Clear Creek,Colorado,24
8021,Conejos,Colorado,21
8023,Costilla,Colorado,22
8025,Crowley,Colorado,72
8027,Custer,Colorado,9
8029,Delta,Colorado,88
8031,Denver,Colorado,8429
8033,Dolores,Colorado,2
8035,Douglas,Colorado,1357
8037,Eagle,Colorado,850
8039,Elbert,Colorado,70
8041,El Paso,Colorado,3604
8043,Fremont,Colorado,77
8045,Garfield,Colorado,528
8047,Gilpin,Colorado,12
8049,Grand,Colorado,37
8051,Gunnison,Colorado,202
8053,Hinsdale,Colorado,3
8055,Huerfano,Colorado,5
8057,Jackson,Colorado,8
8059,Jefferson,Colorado,3306
8061,Kiowa,Colorado,0
8063,Kit Carson,Colorado,36
8065,Lake,Colorado,61
8067,La Plata,Colorado,165
8069,Larimer,Colorado,1112
8071,Las Animas,Colorado,11
8073,Lincoln,Colorado,6
8075,Logan,Colorado,643
8077,Mesa,Colorado,189
8079,Mineral,Colorado,17
8081,Moffat,Colorado,18
8083,Montezuma,Colorado,92
8085,Montrose,Colorado,235
8087,Morgan,Colorado,665
8089,Otero,Colorado,24
8091,Ouray,Colorado,12
8093,Park,Colorado,35
8095,Phillips,Colorado,16
8097,Pitkin,Colorado,154
8099,Prowers,Colorado,45
8101,Pueblo,Colorado,502
8103,Rio Blanco,Colorado,6
8105,Rio Grande,Colorado,84
8107,Routt,Colorado,87
8109,Saguache,Colorado,106
8111,San Juan,Colorado,2
8113,San Miguel,Colorado,67
8115,Sedgwick,Colorado,10
8117,Summit,Colorado,306
8119,Teller,Colorado,81
8121,Washington,Colorado,46
8123,Weld,Colorado,3244
8125,Yuma,Colorado,56
9001,Fairfield,Connecticut,17112
9003,Hartford,Connecticut,12082
9005,Litchfield,Connecticut,1524
9007,Middlesex,Connecticut,1359
9009,New Haven,Connecticut,12788
9011,New London,Connecticut,1356
9013,Tolland,Connecticut,948
9015,Windham,Connecticut,652
10001,Kent,Delaware,2013
10003,New Castle,Delaware,6125
10005,Sussex,Delaware,5333
11001,District of Columbia,District of Columbia,11339
12001,Alachua,Florida,2683
12003,Baker,Florida,238
12005,Bay,Florida,2105
12007,Bradford,Florida,195
12009,Brevard,Florida,4303
12011,Broward,Florida,40976
12013,Calhoun,Florida,229
12015,Charlotte,Florida,1470
12017,Citrus,Florida,855
12019,Clay,Florida,2137
12021,Collier,Florida,7934
12023,Columbia,Florida,1372
12027,DeSoto,Florida,1086
12029,Dixie,Florida,190
12031,Duval,Florida,17245
12033,Escambia,Florida,5900
12035,Flagler,Florida,659
12037,Franklin,Florida,77
12039,Gadsden,Florida,854
12041,Gilchrist,Florida,230
12043,Glades,Florida,286
12045,Gulf,Florida,178
12047,Hamilton,Florida,516
12049,Hardee,Florida,710
12051,Hendry,Florida,1389
12053,Hernando,Florida,1207
12055,Highlands,Florida,778
12057,Hillsborough,Florida,24135
12059,Holmes,Florida,313
12061,Indian River,Florida,1649
12063,Jackson,Florida,857
12065,Jefferson,Florida,113
12067,Lafayette,Florida,73
12069,Lake,Florida,3391
12071,Lee,Florida,12906
12073,Leon,Florida,3140
12075,Levy,Florida,375
12077,Liberty,Florida,311
12079,Madison,Florida,451
12081,Manatee,Florida,6738
12083,Marion,Florida,2550
12085,Martin,Florida,3152
12086,Miami-Dade,Florida,87035
12087,Monroe,Florida,894
12089,Nassau,Florida,784
12091,Okaloosa,Florida,1973
12093,Okeechobee,Florida,662
12095,Orange,Florida,23584
12097,Osceola,Florida,6268
12099,Palm Beach,Florida,26426
12101,Pasco,Florida,5050
12103,Pinellas,Florida,13705
12105,Polk,Florida,9877
12107,Putnam,Florida,984
12109,St. Johns,Florida,2541
12111,St. Lucie,Florida,3706
12113,Santa Rosa,Florida,1976
12115,Sarasota,Florida,4338
12117,Seminole,Florida,5411
12119,Sumter,Florida,843
12121,Suwannee,Florida,895
12123,Taylor,Florida,214
12125,Union,Florida,142
12127,Volusia,Florida,5297
12129,Wakulla,Florida,297
12131,Walton,Florida,822
12133,Washington,Florida,310
13001,Appling,Georgia,437
13003,Atkinson,Georgia,228
13005,Bacon,Georgia,345
13007,Baker,Georgia,45
13009,Baldwin,Georgia,745
13011,Banks,Georgia,188
13013,Barrow,Georgia,771
13015,Bartow,Georgia,1142
13017,Ben Hill,Georgia,266
13019,Berrien,Georgia,202
13021,Bibb,Georgia,2248
13023,Bleckley,Georgia,103
13025,Brantley,Georgia,174
13027,Brooks,Georgia,282
13029,Bryan,Georgia,372
13031,Bulloch,Georgia,803
13033,Burke,Georgia,252
13035,Butts,Georgia,375
13037,Calhoun,Georgia,177
13039,Camden,Georgia,394
13043,Candler,Georgia,139
13045,Carroll,Georgia,1373
13047,Catoosa,Georgia,395
13049,Charlton,Georgia,194
13051,Chatham,Georgia,3483
13053,Chattahoochee,Georgia,502
13055,Chattooga,Georgia,93
13057,Cherokee,Georgia,2125
13059,Clarke,Georgia,1255
13061,Clay,Georgia,65
13063,Clayton,Georgia,3455
13065,Clinch,Georgia,132
13067,Cobb,Georgia,8510
13069,Coffee,Georgia,1055
13071,Colquitt,Georgia,1360
13073,Columbia,Georgia,1242
13075,Cook,Georgia,295
13077,Coweta,Georgia,1019
13079,Crawford,Georgia,68
13081,Crisp,Georgia,339
13083,Dade,Georgia,87
13085,Dawson,Georgia,202
13087,Decatur,Georgia,383
13089,DeKalb,Georgia,9800
13091,Dodge,Georgia,168
13093,Dooly,Georgia,224
13095,Dougherty,Georgia,2317
13097,Douglas,Georgia,1750
13099,Early,Georgia,327
13101,Echols,Georgia,209
13103,Effingham,Georgia,419
13105,Elbert,Georgia,235
13107,Emanuel,Georgia,260
13109,Evans,Georgia,100
13111,Fannin,Georgia,193
13113,Fayette,Georgia,669
13115,Floyd,Georgia,867
13117,Forsyth,Georgia,1383
13119,Franklin,Georgia,294
13121,Fulton,Georgia,13379
13123,Gilmer,Georgia,360
13125,Glascock,Georgia,17
13127,Glynn,Georgia,1858
13129,Gordon,Georgia,685
13131,Grady,Georgia,289
13133,Greene,Georgia,165
13135,Gwinnett,Georgia,13614
13137,Habersham,Georgia,855
13139,Hall,Georgia,4420
13141,Hancock,Georgia,244
13143,Haralson,Georgia,135
13145,Harris,Georgia,511
13147,Hart,Georgia,158
13149,Heard,Georgia,102
13151,Henry,Georgia,2213
13153,Houston,Georgia,1239
13155,Irwin,Georgia,109
13157,Jackson,Georgia,631
13159,Jasper,Georgia,103
13161,Jeff Davis,Georgia,216
13163,Jefferson,Georgia,295
13165,Jenkins,Georgia,193
13167,Johnson,Georgia,155
13169,Jones,Georgia,187
13171,Lamar,Georgia,166
13173,Lanier,Georgia,184
13175,Laurens,Georgia,492
13177,Lee,Georgia,449
13179,Liberty,Georgia,377
13181,Lincoln,Georgia,88
13183,Long,Georgia,83
13185,Lowndes,Georgia,2248
13187,Lumpkin,Georgia,204
13189,McDuffie,Georgia,201
13191,McIntosh,Georgia,103
13193,Macon,Georgia,150
13195,Madison,Georgia,228
13197,Marion,Georgia,111
13199,Meriwether,Georgia,282
13201,Miller,Georgia,72
13205,Mitchell,Georgia,522
13207,Monroe,Georgia,306
13209,Montgomery,Georgia,86
13211,Morgan,Georgia,115
13213,Murray,Georgia,391
13215,Muscogee,Georgia,3435
13217,Newton,Georgia,1202
13219,Oconee,Georgia,294
13221,Oglethorpe,Georgia,140
13223,Paulding,Georgia,1057
13225,Peach,Georgia,201
13227,Pickens,Georgia,166
13229,Pierce,Georgia,314
13231,Pike,Georgia,141
13233,Polk,Georgia,417
13235,Pulaski,Georgia,70
13237,Putnam,Georgia,274
13239,Quitman,Georgia,24
13241,Rabun,Georgia,118
13243,Randolph,Georgia,223
13245,Richmond,Georgia,2305
13247,Rockdale,Georgia,895
13249,Schley,Georgia,31
13251,Screven,Georgia,136
13253,Seminole,Georgia,71
13255,Spalding,Georgia,659
13257,Stephens,Georgia,403
13259,Stewart,Georgia,233
13261,Sumter,Georgia,668
13263,Talbot,Georgia,106
13265,Taliaferro,Georgia,2
13267,Tattnall,Georgia,267
13269,Taylor,Georgia,52
13271,Telfair,Georgia,216
13273,Terrell,Georgia,260
13275,Thomas,Georgia,696
13277,Tift,Georgia,1109
13279,Toombs,Georgia,412
13281,Towns,Georgia,84
13283,Treutlen,Georgia,59
13285,Troup,Georgia,1874
13287,Turner,Georgia,214
13289,Twiggs,Georgia,56
13291,Union,Georgia,137
13293,Upson,Georgia,419
13295,Walker,Georgia,411
13297,Walton,Georgia,649
13299,Ware,Georgia,851
13301,Warren,Georgia,45
13303,Washington,Georgia,244
13305,Wayne,Georgia,381
13307,Webster,Georgia,35
13309,Wheeler,Georgia,77
13311,White,Georgia,218
13313,Whitfield,Georgia,2298
13315,Wilcox,Georgia,147
13317,Wilkes,Georgia,144
13319,Wilkinson,Georgia,134
13321,Worth,Georgia,374
15001,Hawaii,Hawaii,114
15003,Honolulu,Hawaii,1079
15005,Kalawao,Hawaii,0
15007,Kauai,Hawaii,43
15009,Maui,Hawaii,135
16001,Ada,Idaho,5979
16003,Adams,Idaho,15
16005,Bannock,Idaho,199
16007,Bear Lake,Idaho,3
16009,Benewah,Idaho,36
16011,Bingham,Idaho,113
16013,Blaine,Idaho,558
16015,Boise,Idaho,20
16017,Bonner,Idaho,99
16019,Bonneville,Idaho,358
16021,Boundary,Idaho,13
16023,Butte,Idaho,0
16025,Camas,Idaho,1
16027,Canyon,Idaho,3317
16029,Caribou,Idaho,21
16031,Cassia,Idaho,382
16033,Clark,Idaho,1
16035,Clearwater,Idaho,8
16037,Custer,Idaho,6
16039,Elmore,Idaho,125
16041,Franklin,Idaho,35
16043,Fremont,Idaho,26
16045,Gem,Idaho,101
16047,Gooding,Idaho,95
16049,Idaho,Idaho,17
16051,Jefferson,Idaho,54
16053,Jerome,Idaho,356
16055,Kootenai,Idaho,1067
16057,Latah,Idaho,47
16059,Lemhi,Idaho,6
16061,Lewis,Idaho,1
16063,Lincoln,Idaho,46
16065,Madison,Idaho,100
16067,Minidoka,Idaho,317
16069,Nez Perce,Idaho,116
16071,Oneida,Idaho,7
16073,Owyhee,Idaho,147
16075,Payette,Idaho,244
16077,Power,Idaho,24
16079,Shoshone,Idaho,28
16081,Teton,Idaho,48
16083,Twin Falls,Idaho,946
16085,Valley,Idaho,37
16087,Washington,Idaho,149
17001,Adams,Illinois,285
17003,Alexander,Illinois,32
17005,Bond,Illinois,25
17007,Boone,Illinois,656
17009,Brown,Illinois,11
17011,Bureau,Illinois,53
17013,Calhoun,Illinois,2
17015,Carroll,Illinois,23
17017,Cass,Illinois,156
17019,Champaign,Illinois,1249
17021,Christian,Illinois,55
17023,Clark,Illinois,50
17025,Clay,Illinois,8
17027,Clinton,Illinois,271
17029,Coles,Illinois,249
17031,Cook,Illinois,99052
17033,Crawford,Illinois,26
17035,Cumberland,Illinois,36
17037,DeKalb,Illinois,710
17039,De Witt,Illinois,21
17041,Douglas,Illinois,80
17043,DuPage,Illinois,10317
17045,Edgar,Illinois,23
17047,Edwards,Illinois,5
17049,Effingham,Illinois,42
17051,Fayette,Illinois,38
17053,Ford,Illinois,33
17055,Franklin,Illinois,78
17057,Fulton,Illinois,20
17059,Gallatin,Illinois,21
17061,Greene,Illinois,13
17063,Grundy,Illinois,213
17065,Hamilton,Illinois,11
17067,Hancock,Illinois,22
17069,Hardin,Illinois,6
17071,Henderson,Illinois,8
17073,Henry,Illinois,146
17075,Iroquois,Illinois,181
17077,Jackson,Illinois,420
17079,Jasper,Illinois,49
17081,Jefferson,Illinois,136
17083,Jersey,Illinois,54
17085,Jo Daviess,Illinois,66
17087,Johnson,Illinois,42
17089,Kane,Illinois,8406
17091,Kankakee,Illinois,1516
17093,Kendall,Illinois,1126
17095,Knox,Illinois,193
17097,Lake,Illinois,10896
17099,LaSalle,Illinois,343
17101,Lawrence,Illinois,27
17103,Lee,Illinois,117
17105,Livingston,Illinois,60
17107,Logan,Illinois,51
17109,McDonough,Illinois,118
17111,McHenry,Illinois,2480
17113,McLean,Illinois,404
17115,Macon,Illinois,282
17117,Macoupin,Illinois,89
17119,Madison,Illinois,1534
17121,Marion,Illinois,93
17123,Marshall,Illinois,15
17125,Mason,Illinois,36
17127,Massac,Illinois,22
17129,Menard,Illinois,35
17131,Mercer,Illinois,34
17133,Monroe,Illinois,198
17135,Montgomery,Illinois,106
17137,Morgan,Illinois,145
17139,Moultrie,Illinois,30
17141,Ogle,Illinois,339
17143,Peoria,Illinois,838
17145,Perry,Illinois,68
17147,Piatt,Illinois,30
17149,Pike,Illinois,9
17151,Pope,Illinois,2
17153,Pulaski,Illinois,88
17155,Putnam,Illinois,2
17157,Randolph,Illinois,370
17159,Richland,Illinois,10
17161,Rock Island,Illinois,1344
17163,St. Clair,Illinois,2767
17165,Saline,Illinois,56
17167,Sangamon,Illinois,671
17169,Schuyler,Illinois,14
17171,Scott,Illinois,1
17173,Shelby,Illinois,29
17175,Stark,Illinois,6
17177,Stephenson,Illinois,289
17179,Tazewell,Illinois,226
17181,Union,Illinois,237
17183,Vermilion,Illinois,130
17185,Wabash,Illinois,23
17187,Warren,Illinois,153
17189,Washington,Illinois,35
17191,Wayne,Illinois,27
17193,White,Illinois,31
17195,Whiteside,Illinois,234
17197,Will,Illinois,7687
17199,Williamson,Illinois,213
17201,Winnebago,Illinois,3362
17203,Woodford,Illinois,65
18001,Adams,Indiana,57
18003,Allen,Indiana,3168
18005,Bartholomew,Indiana,638
18007,Benton,Indiana,53
18009,Blackford,Indiana,45
18011,Boone,Indiana,534
18013,Brown,Indiana,54
18015,Carroll,Indiana,120
18017,Cass,Indiana,1671
18019,Clark,Indiana,782
18021,Clay,Indiana,73
18023,Clinton,Indiana,310
18025,Crawford,Indiana,37
18027,Daviess,Indiana,173
18029,Dearborn,Indiana,334
18031,Decatur,Indiana,266
18033,DeKalb,Indiana,176
18035,Delaware,Indiana,513
18037,Dubois,Indiana,435
18039,Elkhart,Indiana,4046
18041,Fayette,Indiana,119
18043,Floyd,Indiana,492
18045,Fountain,Indiana,43
18047,Franklin,Indiana,147
18049,Fulton,Indiana,91
18051,Gibson,Indiana,159
18053,Grant,Indiana,403
18055,Greene,Indiana,207
18057,Hamilton,Indiana,1953
18059,Hancock,Indiana,511
18061,Harrison,Indiana,233
18063,Hendricks,Indiana,1560
18065,Henry,Indiana,323
18067,Howard,Indiana,673
18069,Huntington,Indiana,110
18071,Jackson,Indiana,506
18073,Jasper,Indiana,159
18075,Jay,Indiana,73
18077,Jefferson,Indiana,125
18079,Jennings,Indiana,187
18081,Johnson,Indiana,1444
18083,Knox,Indiana,87
18085,Kosciusko,Indiana,679
18087,LaGrange,Indiana,499
18089,Lake,Indiana,6223
18091,LaPorte,Indiana,695
18093,Lawrence,Indiana,278
18095,Madison,Indiana,715
18097,Marion,Indiana,12843
18099,Marshall,Indiana,663
18101,Martin,Indiana,35
18103,Miami,Indiana,209
18105,Monroe,Indiana,484
18107,Montgomery,Indiana,306
18109,Morgan,Indiana,369
18111,Newton,Indiana,101
18113,Noble,Indiana,566
18115,Ohio,Indiana,32
18117,Orange,Indiana,149
18119,Owen,Indiana,56
18121,Parke,Indiana,32
18123,Perry,Indiana,160
18125,Pike,Indiana,20
18127,Porter,Indiana,921
18129,Posey,Indiana,111
18131,Pulaski,Indiana,68
18133,Putnam,Indiana,194
18135,Randolph,Indiana,82
18137,Ripley,Indiana,157
18139,Rush,Indiana,71
18141,St. Joseph,Indiana,2524
18143,Scott,Indiana,198
18145,Shelby,Indiana,475
18147,Spencer,Indiana,91
18149,Starke,Indiana,138
18151,Steuben,Indiana,154
18153,Sullivan,Indiana,65
18155,Switzerland,Indiana,36
18157,Tippecanoe,Indiana,886
18159,Tipton,Indiana,47
18161,Union,Indiana,17
18163,Vanderburgh,Indiana,1153
18165,Vermillion,Indiana,20
18167,Vigo,Indiana,301
18169,Wabash,Indiana,129
18171,Warren,Indiana,16
18173,Warrick,Indiana,352
18175,Washington,Indiana,77
18177,Wayne,Indiana,207
18179,Wells,Indiana,94
18181,White,Indiana,302
18183,Whitley,Indiana,116
19001,Adair,Iowa,20
19003,Adams,Iowa,12
19005,Allamakee,Iowa,141
19007,Appanoose,Iowa,34
19009,Audubon,Iowa,21
19011,Benton,Iowa,94
19013,Black Hawk,Iowa,2707
19015,Boone,Iowa,188
19017,Bremer,Iowa,139
19019,Buchanan,Iowa,76
19021,Buena Vista,Iowa,1757
19023,Butler,Iowa,84
19025,Calhoun,Iowa,70
19027,Carroll,Iowa,135
19029,Cass,Iowa,30
19031,Cedar,Iowa,103
19033,Cerro Gordo,Iowa,450
19035,Cherokee,Iowa,89
19037,Chickasaw,Iowa,41
19039,Clarke,Iowa,152
19041,Clay,Iowa,161
19043,Clayton,Iowa,60
19045,Clinton,Iowa,178
19047,Crawford,Iowa,690
19049,Dallas,Iowa,1571
19051,Davis,Iowa,46
19053,Decatur,Iowa,16
19055,Delaware,Iowa,66
19057,Des Moines,Iowa,115
19059,Dickinson,Iowa,344
19061,Dubuque,Iowa,1215
19063,Emmet,Iowa,120
19065,Fayette,Iowa,65
19067,Floyd,Iowa,95
19069,Franklin,Iowa,144
19071,Fremont,Iowa,14
19073,Greene,Iowa,37
19075,Grundy,Iowa,58
19077,Guthrie,Iowa,107
19079,Hamilton,Iowa,212
19081,Hancock,Iowa,81
19083,Hardin,Iowa,109
19085,Harrison,Iowa,71
19087,Henry,Iowa,100
19089,Howard,Iowa,42
19091,Humboldt,Iowa,70
19093,Ida,Iowa,25
19095,Iowa,Iowa,66
19097,Jackson,Iowa,97
19099,Jasper,Iowa,413
19101,Jefferson,Iowa,67
19103,Johnson,Iowa,1636
19105,Jones,Iowa,97
19107,Keokuk,Iowa,24
19109,Kossuth,Iowa,71
19111,Lee,Iowa,62
19113,Linn,Iowa,1604
19115,Louisa,Iowa,371
19117,Lucas,Iowa,38
19119,Lyon,Iowa,75
19121,Madison,Iowa,73
19123,Mahaska,Iowa,129
19125,Marion,Iowa,105
19127,Marshall,Iowa,1197
19129,Mills,Iowa,60
19131,Mitchell,Iowa,68
19133,Monona,Iowa,81
19135,Monroe,Iowa,61
19137,Montgomery,Iowa,21
19139,Muscatine,Iowa,732
19141,O'Brien,Iowa,107
19143,Osceola,Iowa,71
19145,Page,Iowa,32
19147,Palo Alto,Iowa,63
19149,Plymouth,Iowa,380
19151,Pocahontas,Iowa,110
19153,Polk,Iowa,8465
19155,Pottawattamie,Iowa,925
19157,Poweshiek,Iowa,114
19159,Ringgold,Iowa,17
19161,Sac,Iowa,75
19163,Scott,Iowa,1318
19165,Shelby,Iowa,127
19167,Sioux,Iowa,535
19169,Story,Iowa,947
19171,Tama,Iowa,510
19173,Taylor,Iowa,81
19175,Union,Iowa,56
19177,Van Buren,Iowa,22
19179,Wapello,Iowa,746
19181,Warren,Iowa,415
19183,Washington,Iowa,267
19185,Wayne,Iowa,11
19187,Webster,Iowa,565
19189,Winnebago,Iowa,58
19191,Winneshiek,Iowa,58
19193,Woodbury,Iowa,3482
19195,Worth,Iowa,44
19197,Wright,Iowa,417
20001,Allen,Kansas,10
20003,Anderson,Kansas,24
20005,Atchison,Kansas,49
20007,Barber,Kansas,3
20009,Barton,Kansas,75
20011,Bourbon,Kansas,59
20013,Brown,Kansas,23
20015,Butler,Kansas,132
20017,Chase,Kansas,6
20019,Chautauqua,Kansas,5
20021,Cherokee,Kansas,62
20023,Cheyenne,Kansas,2
20025,Clark,Kansas,38
20027,Clay,Kansas,13
20029,Cloud,Kansas,26
20031,Coffey,Kansas,60
20033,Comanche,Kansas,3
20035,Cowley,Kansas,118
20037,Crawford,Kansas,341
20039,Decatur,Kansas,4
20041,Dickinson,Kansas,34
20043,Doniphan,Kansas,36
20045,Douglas,Kansas,526
20047,Edwards,Kansas,8
20049,Elk,Kansas,1
20051,Ellis,Kansas,88
20053,Ellsworth,Kansas,14
20055,Finney,Kansas,1628
20057,Ford,Kansas,1990
20059,Franklin,Kansas,117
20061,Geary,Kansas,90
20063,Gove,Kansas,2
20065,Graham,Kansas,9
20067,Grant,Kansas,78
20069,Gray,Kansas,46
20071,Greeley,Kansas,3
20073,Greenwood,Kansas,11
20075,Hamilton,Kansas,35
20077,Harper,Kansas,6
20079,Harvey,Kansas,117
20081,Haskell,Kansas,33
20083,Hodgeman,Kansas,10
20085,Jackson,Kansas,130
20087,Jefferson,Kansas,42
20089,Jewell,Kansas,5
20091,Johnson,Kansas,3828
20093,Kearny,Kansas,52
20095,Kingman,Kansas,5
20097,Kiowa,Kansas,6
20099,Labette,Kansas,92
20101,Lane,Kansas,5
20103,Leavenworth,Kansas,1285
20105,Lincoln,Kansas,5
20107,Linn,Kansas,22
20109,Logan,Kansas,2
20111,Lyon,Kansas,570
20113,McPherson,Kansas,102
20115,Marion,Kansas,29
20117,Marshall,Kansas,7
20119,Meade,Kansas,33
20121,Miami,Kansas,79
20123,Mitchell,Kansas,21
20125,Montgomery,Kansas,108
20127,Morris,Kansas,6
20129,Morton,Kansas,9
20131,Nemaha,Kansas,37
20133,Neosho,Kansas,49
20135,Ness,Kansas,5
20137,Norton,Kansas,22
20139,Osage,Kansas,34
20141,Osborne,Kansas,3
20143,Ottawa,Kansas,26
20145,Pawnee,Kansas,6
20147,Phillips,Kansas,39
20149,Pottawatomie,Kansas,96
20151,Pratt,Kansas,28
20153,Rawlins,Kansas,0
20155,Reno,Kansas,165
20157,Republic,Kansas,21
20159,Rice,Kansas,16
20161,Riley,Kansas,398
20163,Rooks,Kansas,11
20165,Rush,Kansas,4
20167,Russell,Kansas,5
20169,Saline,Kansas,296
20171,Scott,Kansas,20
20173,Sedgwick,Kansas,2766
20175,Seward,Kansas,1105
20177,Shawnee,Kansas,1191
20179,Sheridan,Kansas,7
20181,Sherman,Kansas,9
20183,Smith,Kansas,3
20185,Stafford,Kansas,2
20187,Stanton,Kansas,14
20189,Stevens,Kansas,40
20191,Sumner,Kansas,72
20193,Thomas,Kansas,23
20195,Trego,Kansas,5
20197,Wabaunsee,Kansas,40
20199,Wallace,Kansas,0
20201,Washington,Kansas,2
20203,Wichita,Kansas,0
20205,Wilson,Kansas,6
20207,Woodson,Kansas,11
20209,Wyandotte,Kansas,3701
21001,Adair,Kentucky,164
21003,Allen,Kentucky,199
21005,Anderson,Kentucky,36
21007,Ballard,Kentucky,25
21009,Barren,Kentucky,172
21011,Bath,Kentucky,23
21013,Bell,Kentucky,160
21015,Boone,Kentucky,839
21017,Bourbon,Kentucky,55
21019,Boyd,Kentucky,122
21021,Boyle,Kentucky,60
21023,Bracken,Kentucky,24
21025,Breathitt,Kentucky,16
21027,Breckinridge,Kentucky,38
21029,Bullitt,Kentucky,198
21031,Butler,Kentucky,280
21033,Caldwell,Kentucky,41
21035,Calloway,Kentucky,133
21037,Campbell,Kentucky,396
21039,Carlisle,Kentucky,14
21041,Carroll,Kentucky,125
21043,Carter,Kentucky,70
21045,Casey,Kentucky,103
21047,Christian,Kentucky,366
21049,Clark,Kentucky,121
21051,Clay,Kentucky,115
21053,Clinton,Kentucky,12
21055,Crittenden,Kentucky,20
21057,Cumberland,Kentucky,16
21059,Daviess,Kentucky,575
21061,Edmonson,Kentucky,82
21063,Elliott,Kentucky,7
21065,Estill,Kentucky,8
21067,Fayette,Kentucky,2147
21069,Fleming,Kentucky,41
21071,Floyd,Kentucky,57
21073,Franklin,Kentucky,187
21075,Fulton,Kentucky,31
21077,Gallatin,Kentucky,72
21079,Garrard,Kentucky,45
21081,Grant,Kentucky,79
21083,Graves,Kentucky,387
21085,Grayson,Kentucky,159
21087,Green,Kentucky,17
21089,Greenup,Kentucky,57
21091,Hancock,Kentucky,35
21093,Hardin,Kentucky,360
21095,Harlan,Kentucky,83
21097,Harrison,Kentucky,95
21099,Hart,Kentucky,57
21101,Henderson,Kentucky,233
21103,Henry,Kentucky,61
21105,Hickman,Kentucky,14
21107,Hopkins,Kentucky,353
21109,Jackson,Kentucky,118
21111,Jefferson,Kentucky,5263
21113,Jessamine,Kentucky,179
21115,Johnson,Kentucky,16
21117,Kenton,Kentucky,1061
21119,Knott,Kentucky,26
21121,Knox,Kentucky,142
21123,Larue,Kentucky,27
21125,Laurel,Kentucky,253
21127,Lawrence,Kentucky,16
21129,Lee,Kentucky,3
21131,Leslie,Kentucky,13
21133,Letcher,Kentucky,26
21135,Lewis,Kentucky,26
21137,Lincoln,Kentucky,73
21139,Livingston,Kentucky,26
21141,Logan,Kentucky,270
21143,Lyon,Kentucky,25
21145,McCracken,Kentucky,245
21147,McCreary,Kentucky,20
21149,McLean,Kentucky,35
21151,Madison,Kentucky,258
21153,Magoffin,Kentucky,7
21155,Marion,Kentucky,81
21157,Marshall,Kentucky,92
21159,Martin,Kentucky,15
21161,Mason,Kentucky,44
21163,Meade,Kentucky,50
21165,Menifee,Kentucky,19
21167,Mercer,Kentucky,32
21169,Metcalfe,Kentucky,18
21171,Monroe,Kentucky,61
21173,Montgomery,Kentucky,89
21175,Morgan,Kentucky,23
21177,Muhlenberg,Kentucky,574
21179,Nelson,Kentucky,147
21181,Nicholas,Kentucky,17
21183,Ohio,Kentucky,292
21185,Oldham,Kentucky,398
21187,Owen,Kentucky,22
21189,Owsley,Kentucky,4
21191,Pendleton,Kentucky,28
21193,Perry,Kentucky,123
21195,Pike,Kentucky,156
21197,Powell,Kentucky,30
21199,Pulaski,Kentucky,156
21201,Robertson,Kentucky,2
21203,Rockcastle,Kentucky,40
21205,Rowan,Kentucky,44
21207,Russell,Kentucky,76
21209,Scott,Kentucky,169
21211,Shelby,Kentucky,620
21213,Simpson,Kentucky,108
21215,Spencer,Kentucky,62
21217,Taylor,Kentucky,72
21219,Todd,Kentucky,28
21221,Trigg,Kentucky,37
21223,Trimble,Kentucky,25
21225,Union,Kentucky,37
21227,Warren,Kentucky,1992
21229,Washington,Kentucky,39
21231,Wayne,Kentucky,36
21233,Webster,Kentucky,63
21235,Whitley,Kentucky,72
21237,Wolfe,Kentucky,6
21239,Woodford,Kentucky,98
22001,Acadia,Louisiana,1844
22003,Allen,Louisiana,727
22005,Ascension,Louisiana,1976
22007,Assumption,Louisiana,452
22009,Avoyelles,Louisiana,655
22011,Beauregard,Louisiana,493
22013,Bienville,Louisiana,317
22015,Bossier,Louisiana,1602
22017,Caddo,Louisiana,5041
22019,Calcasieu,Louisiana,4481
22021,Caldwell,Louisiana,161
22023,Cameron,Louisiana,125
22025,Catahoula,Louisiana,235
22027,Claiborne,Louisiana,170
22029,Concordia,Louisiana,192
22031,De Soto,Louisiana,502
22033,East Baton Rouge,Louisiana,8578
22035,East Carroll,Louisiana,484
22037,East Feliciana,Louisiana,407
22039,Evangeline,Louisiana,494
22041,Franklin,Louisiana,634
22043,Grant,Louisiana,173
22045,Iberia,Louisiana,1671
22047,Iberville,Louisiana,921
22049,Jackson,Louisiana,318
22051,Jefferson,Louisiana,12486
22053,Jefferson Davis,Louisiana,801
22055,Lafayette,Louisiana,5001
22057,Lafourche,Louisiana,2045
22059,LaSalle,Louisiana,163
22061,Lincoln,Louisiana,558
22063,Livingston,Louisiana,1990
22065,Madison,Louisiana,486
22067,Morehouse,Louisiana,339
22069,Natchitoches,Louisiana,491
22071,Orleans,Louisiana,9379
22073,Ouachita,Louisiana,3643
22075,Plaquemines,Louisiana,344
22077,Pointe Coupee,Louisiana,520
22079,Rapides,Louisiana,2371
22081,Red River,Louisiana,131
22083,Richland,Louisiana,382
22085,Sabine,Louisiana,379
22087,St. Bernard,Louisiana,830
22089,St. Charles,Louisiana,1032
22091,St. Helena,Louisiana,169
22093,St. James,Louisiana,518
22095,St. John the Baptist,Louisiana,1163
22097,St. Landry,Louisiana,1527
22099,St. Martin,Louisiana,1254
22101,St. Mary,Louisiana,1106
22103,St. Tammany,Louisiana,3790
22105,Tangipahoa,Louisiana,2447
22107,Tensas,Louisiana,43
22109,Terrebonne,Louisiana,2124
22111,Union,Louisiana,506
22113,Vermilion,Louisiana,810
22115,Vernon,Louisiana,429
22117,Washington,Louisiana,1000
22119,Webster,Louisiana,674
22121,West Baton Rouge,Louisiana,479
22123,West Carroll,Louisiana,205
22125,West Feliciana,Louisiana,289
22127,Winn,Louisiana,327
23001,Androscoggin,Maine,512
23003,Aroostook,Maine,28
23005,Cumberland,Maine,1959
23007,Franklin,Maine,44
23009,Hancock,Maine,19
23011,Kennebec,Maine,149
23013,Knox,Maine,25
23015,Lincoln,Maine,31
23017,Oxford,Maine,49
23019,Penobscot,Maine,134
23021,Piscataquis,Maine,4
23023,Sagadahoc,Maine,35
23025,Somerset,Maine,33
23027,Waldo,Maine,60
23029,Washington,Maine,6
23031,York,Maine,599
24001,Allegany,Maryland,239
24003,Anne Arundel,Maryland,6003
24005,Baltimore,Maryland,9828
24009,Calvert,Maryland,494
24011,Caroline,Maryland,365
24013,Carroll,Maryland,1276
24015,Cecil,Maryland,559
24017,Charles,Maryland,1619
24019,Dorchester,Maryland,246
24021,Frederick,Maryland,2739
24023,Garrett,Maryland,34
24025,Harford,Maryland,1427
24027,Howard,Maryland,3128
24029,Kent,Maryland,223
24031,Montgomery,Maryland,16433
24033,Prince George's,Maryland,20690
24035,Queen Anne's,Maryland,331
24037,St. Mary's,Maryland,779
24039,Somerset,Maryland,108
24041,Talbot,Maryland,257
24043,Washington,Maryland,796
24045,Wicomico,Maryland,1189
24047,Worcester,Maryland,417
24510,Baltimore City,Maryland,9505
25001,Barnstable,Massachusetts,1635
25003,Berkshire,Massachusetts,624
25005,Bristol,Massachusetts,8719
25007,Dukes,Massachusetts,0
25009,Essex,Massachusetts,16757
25011,Franklin,Massachusetts,390
25013,Hampden,Massachusetts,7141
25015,Hampshire,Massachusetts,1049
25017,Middlesex,Massachusetts,24958
25019,Nantucket,Massachusetts,0
25021,Norfolk,Massachusetts,9737
25023,Plymouth,Massachusetts,8894
25025,Suffolk,Massachusetts,20621
25027,Worcester,Massachusetts,12859
26001,Alcona,Michigan,26
26003,Alger,Michigan,4
26005,Allegan,Michigan,435
26007,Alpena,Michigan,125
26009,Antrim,Michigan,29
26011,Arenac,Michigan,39
26013,Baraga,Michigan,5
26015,Barry,Michigan,155
26017,Bay,Michigan,480
26019,Benzie,Michigan,22
26021,Berrien,Michigan,1130
26023,Branch,Michigan,295
26025,Calhoun,Michigan,665
26027,Cass,Michigan,229
26029,Charlevoix,Michigan,40
26031,Cheboygan,Michigan,30
26033,Chippewa,Michigan,25
26035,Clare,Michigan,39
26037,Clinton,Michigan,331
26039,Crawford,Michigan,86
26041,Delta,Michigan,50
26043,Dickinson,Michigan,33
26045,Eaton,Michigan,381
26047,Emmet,Michigan,46
26049,Genesee,Michigan,3116
26051,Gladwin,Michigan,30
26053,Gogebic,Michigan,37
26055,Grand Traverse,Michigan,130
26057,Gratiot,Michigan,119
26059,Hillsdale,Michigan,218
26061,Houghton,Michigan,33
26063,Huron,Michigan,100
26065,Ingham,Michigan,1286
26067,Ionia,Michigan,235
26069,Iosco,Michigan,123
26071,Iron,Michigan,10
26073,Isabella,Michigan,184
26075,Jackson,Michigan,582
26077,Kalamazoo,Michigan,1348
26079,Kalkaska,Michigan,45
26081,Kent,Michigan,6357
26083,Keweenaw,Michigan,2
26085,Lake,Michigan,14
26087,Lapeer,Michigan,341
26089,Leelanau,Michigan,56
26091,Lenawee,Michigan,321
26093,Livingston,Michigan,671
26095,Luce,Michigan,3
26097,Mackinac,Michigan,10
26099,Macomb,Michigan,8418
26101,Manistee,Michigan,30
26103,Marquette,Michigan,106
26105,Mason,Michigan,89
26107,Mecosta,Michigan,45
26109,Menominee,Michigan,56
26111,Midland,Michigan,230
26113,Missaukee,Michigan,40
26115,Monroe,Michigan,743
26117,Montcalm,Michigan,155
26119,Montmorency,Michigan,7
26121,Muskegon,Michigan,1036
26123,Newaygo,Michigan,226
26125,Oakland,Michigan,13442
26127,Oceana,Michigan,437
26129,Ogemaw,Michigan,47
26131,Ontonagon,Michigan,1
26133,Osceola,Michigan,62
26135,Oscoda,Michigan,23
26137,Otsego,Michigan,127
26139,Ottawa,Michigan,1478
26141,Presque Isle,Michigan,14
26143,Roscommon,Michigan,44
26145,Saginaw,Michigan,1584
26147,St. Clair,Michigan,651
26149,St. Joseph,Michigan,450
26151,Sanilac,Michigan,81
26153,Schoolcraft,Michigan,7
26155,Shiawassee,Michigan,296
26157,Tuscola,Michigan,251
26159,Van Buren,Michigan,311
26161,Washtenaw,Michigan,2120
26163,Wayne,Michigan,25227
26165,Wexford,Michigan,53
27001,Aitkin,Minnesota,19
27003,Anoka,Minnesota,2678
27005,Becker,Minnesota,80
27007,Beltrami,Minnesota,101
27009,Benton,Minnesota,269
27011,Big Stone,Minnesota,19
27013,Blue Earth,Minnesota,679
27015,Brown,Minnesota,56
27017,Carlton,Minnesota,103
27019,Carver,Minnesota,568
27021,Cass,Minnesota,32
27023,Chippewa,Minnesota,86
27025,Chisago,Minnesota,126
27027,Clay,Minnesota,669
27029,Clearwater,Minnesota,14
27031,Cook,Minnesota,1
27033,Cottonwood,Minnesota,148
27035,Crow Wing,Minnesota,128
27037,Dakota,Minnesota,3059
27039,Dodge,Minnesota,112
27041,Douglas,Minnesota,101
27043,Faribault,Minnesota,70
27045,Fillmore,Minnesota,45
27047,Freeborn,Minnesota,327
27049,Goodhue,Minnesota,148
27051,Grant,Minnesota,33
27053,Hennepin,Minnesota,14835
27055,Houston,Minnesota,33
27057,Hubbard,Minnesota,12
27059,Isanti,Minnesota,93
27061,Itasca,Minnesota,96
27063,Jackson,Minnesota,60
27065,Kanabec,Minnesota,19
27067,Kandiyohi,Minnesota,613
27069,Kittson,Minnesota,2
27071,Koochiching,Minnesota,37
27073,Lac qui Parle,Minnesota,6
27075,Lake,Minnesota,12
27077,Lake of the Woods,Minnesota,0
27079,Le Sueur,Minnesota,153
27081,Lincoln,Minnesota,47
27083,Lyon,Minnesota,378
27085,McLeod,Minnesota,111
27087,Mahnomen,Minnesota,18
27089,Marshall,Minnesota,22
27091,Martin,Minnesota,186
27093,Meeker,Minnesota,72
27095,Mille Lacs,Minnesota,45
27097,Morrison,Minnesota,73
27099,Mower,Minnesota,1008
27101,Murray,Minnesota,96
27103,Nicollet,Minnesota,226
27105,Nobles,Minnesota,1706
27107,Norman,Minnesota,22
27109,Olmsted,Minnesota,1403
27111,Otter Tail,Minnesota,130
27113,Pennington,Minnesota,59
27115,Pine,Minnesota,117
27117,Pipestone,Minnesota,113
27119,Polk,Minnesota,95
27121,Pope,Minnesota,24
27123,Ramsey,Minnesota,5719
27125,Red Lake,Minnesota,5
27127,Redwood,Minnesota,27
27129,Renville,Minnesota,44
27131,Rice,Minnesota,915
27133,Rock,Minnesota,42
27135,Roseau,Minnesota,32
27137,St. Louis,Minnesota,284
27139,Scott,Minnesota,1022
27141,Sherburne,Minnesota,429
27143,Sibley,Minnesota,66
27145,Stearns,Minnesota,2643
27147,Steele,Minnesota,278
27149,Stevens,Minnesota,13
27151,Swift,Minnesota,46
27153,Todd,Minnesota,404
27155,Traverse,Minnesota,9
27157,Wabasha,Minnesota,55
27159,Wadena,Minnesota,19
27161,Waseca,Minnesota,92
27163,Washington,Minnesota,1465
27165,Watonwan,Minnesota,279
27167,Wilkin,Minnesota,23
27169,Winona,Minnesota,186
27171,Wright,Minnesota,623
27173,Yellow Medicine,Minnesota,35
28001,Adams,Mississippi,429
28003,Alcorn,Mississippi,161
28005,Amite,Mississippi,143
28007,Attala,Mississippi,406
28009,Benton,Mississippi,77
28011,Bolivar,Mississippi,570
28013,Calhoun,Mississippi,249
28015,Carroll,Mississippi,220
28017,Chickasaw,Mississippi,342
28019,Choctaw,Mississippi,91
28021,Claiborne,Mississippi,344
28023,Clarke,Mississippi,253
28025,Clay,Mississippi,299
28027,Coahoma,Mississippi,422
28029,Copiah,Mississippi,755
28031,Covington,Mississippi,469
28033,DeSoto,Mississippi,2394
28035,Forrest,Mississippi,1197
28037,Franklin,Mississippi,72
28039,George,Mississippi,179
28041,Greene,Mississippi,157
28043,Grenada,Mississippi,711
28045,Hancock,Mississippi,204
28047,Harrison,Mississippi,1456
28049,Hinds,Mississippi,3691
28051,Holmes,Mississippi,640
28053,Humphreys,Mississippi,209
28055,Issaquena,Mississippi,15
28057,Itawamba,Mississippi,191
28059,Jackson,Mississippi,1115
28061,Jasper,Mississippi,291
28063,Jefferson,Mississippi,142
28065,Jefferson Davis,Mississippi,153
28067,Jones,Mississippi,1382
28069,Kemper,Mississippi,198
28071,Lafayette,Mississippi,596
28073,Lamar,Mississippi,807
28075,Lauderdale,Mississippi,1090
28077,Lawrence,Mississippi,208
28079,Leake,Mississippi,683
28081,Lee,Mississippi,820
28083,Leflore,Mississippi,648
28085,Lincoln,Mississippi,602
28087,Lowndes,Mississippi,650
28089,Madison,Mississippi,1740
28091,Marion,Mississippi,414
28093,Marshall,Mississippi,384
28095,Monroe,Mississippi,518
28097,Montgomery,Mississippi,224
28099,Neshoba,Mississippi,1086
28101,Newton,Mississippi,435
28103,Noxubee,Mississippi,312
28105,Oktibbeha,Mississippi,697
28107,Panola,Mississippi,576
28109,Pearl River,Mississippi,371
28111,Perry,Mississippi,117
28113,Pike,Mississippi,596
28115,Pontotoc,Mississippi,495
28117,Prentiss,Mississippi,192
28119,Quitman,Mississippi,129
28121,Rankin,Mississippi,1459
28123,Scott,Mississippi,886
28125,Sharkey,Mississippi,65
28127,Simpson,Mississippi,537
28129,Smith,Mississippi,307
28131,Stone,Mississippi,104
28133,Sunflower,Mississippi,656
28135,Tallahatchie,Mississippi,293
28137,Tate,Mississippi,486
28139,Tippah,Mississippi,193
28141,Tishomingo,Mississippi,165
28143,Tunica,Mississippi,147
28145,Union,Mississippi,325
28147,Walthall,Mississippi,353
28149,Warren,Mississippi,727
28151,Washington,Mississippi,1056
28153,Wayne,Mississippi,636
28155,Webster,Mississippi,144
28157,Wilkinson,Mississippi,129
28159,Winston,Mississippi,348
28161,Yalobusha,Mississippi,237
28163,Yazoo,Mississippi,619
29001,Adair,Missouri,110
29003,Andrew,Missouri,66
29005,Atchison,Missouri,6
29007,Audrain,Missouri,158
29009,Barry,Missouri,160
29011,Barton,Missouri,51
29013,Bates,Missouri,19
29015,Benton,Missouri,32
29017,Bollinger,Missouri,43
29019,Boone,Missouri,750
29021,Buchanan,Missouri,975
29023,Butler,Missouri,146
29025,Caldwell,Missouri,23
29027,Callaway,Missouri,81
29029,Camden,Missouri,108
29031,Cape Girardeau,Missouri,445
29033,Carroll,Missouri,48
29035,Carter,Missouri,9
29037,Cass,Missouri,285
29039,Cedar,Missouri,25
29041,Chariton,Missouri,13
29043,Christian,Missouri,122
29045,Clark,Missouri,2
29047,Clay,Missouri,630
29049,Clinton,Missouri,38
29051,Cole,Missouri,161
29053,Cooper,Missouri,35
29055,Crawford,Missouri,28
29057,Dade,Missouri,4
29059,Dallas,Missouri,28
29061,Daviess,Missouri,13
29063,DeKalb,Missouri,20
29065,Dent,Missouri,10
29067,Douglas,Missouri,28
29069,Dunklin,Missouri,149
29071,Franklin,Missouri,360
29073,Gasconade,Missouri,19
29075,Gentry,Missouri,70
29077,Greene,Missouri,650
29079,Grundy,Missouri,22
29081,Harrison,Missouri,35
29083,Henry,Missouri,41
29085,Hickory,Missouri,2
29087,Holt,Missouri,2
29089,Howard,Missouri,17
29091,Howell,Missouri,63
29093,Iron,Missouri,4
29095,Jackson,Missouri,1954
29097,Jasper,Missouri,1256
29099,Jefferson,Missouri,728
29101,Johnson,Missouri,355
29103,Knox,Missouri,3
29105,Laclede,Missouri,145
29107,Lafayette,Missouri,119
29109,Lawrence,Missouri,104
29111,Lewis,Missouri,12
29113,Lincoln,Missouri,153
29115,Linn,Missouri,23
29117,Livingston,Missouri,30
29119,McDonald,Missouri,819
29121,Macon,Missouri,36
29123,Madison,Missouri,11
29125,Maries,Missouri,7
29127,Marion,Missouri,50
29129,Mercer,Missouri,8
29131,Miller,Missouri,42
29133,Mississippi,Missouri,100
29135,Moniteau,Missouri,71
29137,Monroe,Missouri,7
29139,Montgomery,Missouri,24
29141,Morgan,Missouri,34
29143,New Madrid,Missouri,101
29145,Newton,Missouri,659
29147,Nodaway,Missouri,33
29149,Oregon,Missouri,12
29151,Osage,Missouri,22
29153,Ozark,Missouri,3
29155,Pemiscot,Missouri,161
29157,Perry,Missouri,182
29159,Pettis,Missouri,199
29161,Phelps,Missouri,57
29163,Pike,Missouri,47
29165,Platte,Missouri,208
29167,Polk,Missouri,93
29169,Pulaski,Missouri,155
29171,Putnam,Missouri,4
29173,Ralls,Missouri,11
29175,Randolph,Missouri,21
29177,Ray,Missouri,37
29179,Reynolds,Missouri,10
29181,Ripley,Missouri,30
29183,St. Charles,Missouri,1774
29185,St. Clair,Missouri,11
29186,Ste. Genevieve,Missouri,30
29187,St. Francois,Missouri,191
29189,St. Louis,Missouri,9114
29195,Saline,Missouri,348
29197,Schuyler,Missouri,6
29199,Scotland,Missouri,11
29201,Scott,Missouri,244
29203,Shannon,Missouri,33
29205,Shelby,Missouri,7
29207,Stoddard,Missouri,171
29209,Stone,Missouri,38
29211,Sullivan,Missouri,122
29213,Taney,Missouri,178
29215,Texas,Missouri,16
29217,Vernon,Missouri,42
29219,Warren,Missouri,89
29221,Washington,Missouri,40
29223,Wayne,Missouri,5
29225,Webster,Missouri,78
29227,Worth,Missouri,5
29229,Wright,Missouri,51
29510,St. Louis City,Missouri,3447
30001,Beaverhead,Montana,9
30003,Big Horn,Montana,146
30005,Blaine,Montana,4
30007,Broadwater,Montana,9
30009,Carbon,Montana,41
30011,Carter,Montana,0
30013,Cascade,Montana,80
30015,Chouteau,Montana,0
30017,Custer,Montana,41
30019,Daniels,Montana,0
30021,Dawson,Montana,8
30023,Deer Lodge,Montana,8
30025,Fallon,Montana,1
30027,Fergus,Montana,4
30029,Flathead,Montana,132
30031,Gallatin,Montana,615
30033,Garfield,Montana,11
30035,Glacier,Montana,34
30037,Golden Valley,Montana,3
30039,Granite,Montana,6
30041,Hill,Montana,35
30043,Jefferson,Montana,14
30045,Judith Basin,Montana,0
30047,Lake,Montana,105
30049,Lewis and Clark,Montana,83
30051,Liberty,Montana,1
30053,Lincoln,Montana,48
30055,McCone,Montana,0
30057,Madison,Montana,45
30059,Meagher,Montana,4
30061,Mineral,Montana,0
30063,Missoula,Montana,164
30065,Musselshell,Montana,1
30067,Park,Montana,30
30069,Petroleum,Montana,0
30071,Phillips,Montana,0
30073,Pondera,Montana,5
30075,Powder River,Montana,0
30077,Powell,Montana,0
30079,Prairie,Montana,0
30081,Ravalli,Montana,50
30083,Richland,Montana,34
30085,Roosevelt,Montana,9
30087,Rosebud,Montana,16
30089,Sanders,Montana,4
30091,Sheridan,Montana,2
30093,Silver Bow,Montana,30
30095,Stillwater,Montana,13
30097,Sweet Grass,Montana,2
30099,Teton,Montana,15
30101,Toole,Montana,31
30103,Treasure,Montana,2
30105,Valley,Montana,5
30107,Wheatland,Montana,2
30109,Wibaux,Montana,1
30111,Yellowstone,Montana,717
31001,Adams,Nebraska,320
31003,Antelope,Nebraska,16
31005,Arthur,Nebraska,0
31007,Banner,Nebraska,2
31009,Blaine,Nebraska,0
31011,Boone,Nebraska,7
31013,Box Butte,Nebraska,7
31015,Boyd,Nebraska,1
31017,Brown,Nebraska,0
31019,Buffalo,Nebraska,237
31021,Burt,Nebraska,17
31023,Butler,Nebraska,53
31025,Cass,Nebraska,110
31027,Cedar,Nebraska,19
31029,Chase,Nebraska,4
31031,Cherry,Nebraska,3
31033,Cheyenne,Nebraska,21
31035,Clay,Nebraska,40
31037,Colfax,Nebraska,685
31039,Cuming,Nebraska,41
31041,Custer,Nebraska,40
31043,Dakota,Nebraska,1873
31045,Dawes,Nebraska,4
31047,Dawson,Nebraska,883
31049,Deuel,Nebraska,1
31051,Dixon,Nebraska,56
31053,Dodge,Nebraska,723
31055,Douglas,Nebraska,8715
31057,Dundy,Nebraska,2
31059,Fillmore,Nebraska,20
31061,Franklin,Nebraska,8
31063,Frontier,Nebraska,2
31065,Furnas,Nebraska,12
31067,Gage,Nebraska,70
31069,Garden,Nebraska,4
31071,Garfield,Nebraska,3
31073,Gosper,Nebraska,13
31075,Grant,Nebraska,0
31077,Greeley,Nebraska,6
31079,Hall,Nebraska,1651
31081,Hamilton,Nebraska,80
31083,Harlan,Nebraska,1
31085,Hayes,Nebraska,0
31087,Hitchcock,Nebraska,1
31089,Holt,Nebraska,4
31091,Hooker,Nebraska,3
31093,Howard,Nebraska,51
31095,Jefferson,Nebraska,12
31097,Johnson,Nebraska,9
31099,Kearney,Nebraska,18
31101,Keith,Nebraska,8
31103,Keya Paha,Nebraska,0
31105,Kimball,Nebraska,15
31107,Knox,Nebraska,26
31109,Lancaster,Nebraska,2481
31111,Lincoln,Nebraska,67
31113,Logan,Nebraska,0
31115,Loup,Nebraska,0
31117,McPherson,Nebraska,3
31119,Madison,Nebraska,391
31121,Merrick,Nebraska,41
31123,Morrill,Nebraska,53
31125,Nance,Nebraska,6
31127,Nemaha,Nebraska,7
31129,Nuckolls,Nebraska,3
31131,Otoe,Nebraska,35
31133,Pawnee,Nebraska,1
31135,Perkins,Nebraska,7
31137,Phelps,Nebraska,30
31139,Pierce,Nebraska,16
31141,Platte,Nebraska,711
31143,Polk,Nebraska,15
31145,Red Willow,Nebraska,10
31147,Richardson,Nebraska,10
31149,Rock,Nebraska,2
31151,Saline,Nebraska,559
31153,Sarpy,Nebraska,1527
31155,Saunders,Nebraska,103
31157,Scotts Bluff,Nebraska,258
31159,Seward,Nebraska,56
31161,Sheridan,Nebraska,8
31163,Sherman,Nebraska,5
31165,Sioux,Nebraska,6
31167,Stanton,Nebraska,23
31169,Thayer,Nebraska,19
31171,Thomas,Nebraska,1
31173,Thurston,Nebraska,183
31175,Valley,Nebraska,9
31177,Washington,Nebraska,76
31179,Wayne,Nebraska,35
31181,Webster,Nebraska,9
31183,Wheeler,Nebraska,0
31185,York,Nebraska,59
32001,Churchill,Nevada,33
32003,Clark,Nevada,31312
32005,Douglas,Nevada,103
32007,Elko,Nevada,332
32009,Esmeralda,Nevada,0
32011,Eureka,Nevada,2
32013,Humboldt,Nevada,92
32015,Lander,Nevada,47
32017,Lincoln,Nevada,3
32019,Lyon,Nevada,156
32021,Mineral,Nevada,10
32023,Nye,Nevada,237
32027,Pershing,Nevada,13
32029,Storey,Nevada,2
32031,Washoe,Nevada,4108
32033,White Pine,Nevada,11
32510,Carson City,Nevada,252
33001,Belknap,New Hampshire,96
33003,Carroll,New Hampshire,71
33005,Cheshire,New Hampshire,80
33007,Coos,New Hampshire,13
33009,Grafton,New Hampshire,99
33011,Hillsborough,New Hampshire,3549
33013,Merrimack,New Hampshire,440
33015,Rockingham,New Hampshire,1557
33017,Strafford,New Hampshire,306
33019,Sullivan,New Hampshire,38
34001,Atlantic,New Jersey,3126
34003,Bergen,New Jersey,20034
34005,Burlington,New Jersey,5450
34007,Camden,New Jersey,7845
34009,Cape May,New Jersey,757
34011,Cumberland,New Jersey,3079
34013,Essex,New Jersey,19121
34015,Gloucester,New Jersey,2829
34017,Hudson,New Jersey,19263
34019,Hunterdon,New Jersey,1100
34021,Mercer,New Jersey,7828
34023,Middlesex,New Jersey,17168
34025,Monmouth,New Jersey,9672
34027,Morris,New Jersey,6967
34029,Ocean,New Jersey,9956
34031,Passaic,New Jersey,17172
34033,Salem,New Jersey,831
34035,Somerset,New Jersey,5068
34037,Sussex,New Jersey,1250
34039,Union,New Jersey,16517
34041,Warren,New Jersey,1280
35001,Bernalillo,New Mexico,3861
35003,Catron,New Mexico,4
35005,Chaves,New Mexico,212
35006,Cibola,New Mexico,267
35007,Colfax,New Mexico,11
35009,Curry,New Mexico,316
35011,De Baca,New Mexico,0
35013,Dona Ana,New Mexico,1737
35015,Eddy,New Mexico,187
35017,Grant,New Mexico,53
35019,Guadalupe,New Mexico,24
35021,Harding,New Mexico,1
35023,Hidalgo,New Mexico,78
35025,Lea,New Mexico,379
35027,Lincoln,New Mexico,38
35028,Los Alamos,New Mexico,14
35029,Luna,New Mexico,155
35031,McKinley,New Mexico,3767
35033,Mora,New Mexico,3
35035,Otero,New Mexico,106
35037,Quay,New Mexico,24
35039,Rio Arriba,New Mexico,205
35041,Roosevelt,New Mexico,92
35043,Sandoval,New Mexico,933
35045,San Juan,New Mexico,2842
35047,San Miguel,New Mexico,34
35049,Santa Fe,New Mexico,433
35051,Sierra,New Mexico,21
35053,Socorro,New Mexico,67
35055,Taos,New Mexico,71
35057,Torrance,New Mexico,51
35059,Union,New Mexico,14
35061,Valencia,New Mexico,260
36001,Albany,New York,2322
36003,Allegany,New York,71
36005,Bronx,New York,0
36007,Broome,New York,902
36009,Cattaraugus,New York,145
36011,Cayuga,New York,131
36013,Chautauqua,New York,194
36015,Chemung,New York,155
36017,Chenango,New York,184
36019,Clinton,New York,113
36021,Columbia,New York,492
36023,Cortland,New York,69
36025,Delaware,New York,93
36027,Dutchess,New York,4376
36029,Erie,New York,8046
36031,Essex,New York,51
36033,Franklin,New York,40
36035,Fulton,New York,267
36037,Genesee,New York,258
36039,Greene,New York,272
36041,Hamilton,New York,6
36043,Herkimer,New York,206
36045,Jefferson,New York,106
36047,Kings,New York,0
36049,Lewis,New York,33
36051,Livingston,New York,159
36053,Madison,New York,384
36055,Monroe,New York,4422
36057,Montgomery,New York,143
36059,Nassau,New York,42678
36061,New York,New York,221703
36063,Niagara,New York,1384
36065,Oneida,New York,1942
36067,Onondaga,New York,3290
36069,Ontario,New York,326
36071,Orange,New York,10938
36073,Orleans,New York,288
36075,Oswego,New York,229
36077,Otsego,New York,98
36079,Putnam,New York,1392
36081,Queens,New York,0
36083,Rensselaer,New York,653
36085,Richmond,New York,0
36087,Rockland,New York,13798
36089,St. Lawrence,New York,246
36091,Saratoga,New York,639
36093,Schenectady,New York,915
36095,Schoharie,New York,62
36097,Schuyler,New York,20
36099,Seneca,New York,80
36101,Steuben,New York,282
36103,Suffolk,New York,42496
36105,Sullivan,New York,1473
36107,Tioga,New York,173
36109,Tompkins,New York,209
36111,Ulster,New York,1901
36113,Warren,New York,287
36115,Washington,New York,250
36117,Wayne,New York,228
36119,Westchester,New York,35551
36121,Wyoming,New York,104
36123,Yates,New York,51
37001,Alamance,North Carolina,1718
37003,Alexander,North Carolina,216
37005,Alleghany,North Carolina,54
37007,Anson,North Carolina,267
37009,Ashe,North Carolina,76
37011,Avery,North Carolina,56
37013,Beaufort,North Carolina,207
37015,Bertie,North Carolina,178
37017,Bladen,North Carolina,487
37019,Brunswick,North Carolina,947
37021,Buncombe,North Carolina,1174
37023,Burke,North Carolina,1325
37025,Cabarrus,North Carolina,1970
37027,Caldwell,North Carolina,789
37029,Camden,North Carolina,46
37031,Carteret,North Carolina,178
37033,Caswell,North Carolina,168
37035,Catawba,North Carolina,1530
37037,Chatham,North Carolina,1109
37039,Cherokee,North Carolina,142
37041,Chowan,North Carolina,61
37043,Clay,North Carolina,39
37045,Cleveland,North Carolina,690
37047,Columbus,North Carolina,713
37049,Craven,North Carolina,514
37051,Cumberland,North Carolina,1935
37053,Currituck,North Carolina,51
37055,Dare,North Carolina,150
37057,Davidson,North Carolina,1421
37059,Davie,North Carolina,285
37061,Duplin,North Carolina,1768
37063,Durham,North Carolina,5110
37065,Edgecombe,North Carolina,454
37067,Forsyth,North Carolina,4220
37069,Franklin,North Carolina,598
37071,Gaston,North Carolina,2320
37073,Gates,North Carolina,32
37075,Graham,North Carolina,10
37077,Granville,North Carolina,1033
37079,Greene,North Carolina,254
37081,Guilford,North Carolina,4198
37083,Halifax,North Carolina,480
37085,Harnett,North Carolina,888
37087,Haywood,North Carolina,185
37089,Henderson,North Carolina,1126
37091,Hertford,North Carolina,200
37093,Hoke,North Carolina,547
37095,Hyde,North Carolina,33
37097,Iredell,North Carolina,1353
37099,Jackson,North Carolina,285
37101,Johnston,North Carolina,2406
37103,Jones,North Carolina,43
37105,Lee,North Carolina,1000
37107,Lenoir,North Carolina,453
37109,Lincoln,North Carolina,562
37111,McDowell,North Carolina,389
37113,Macon,North Carolina,382
37115,Madison,North Carolina,24
37117,Martin,North Carolina,186
37119,Mecklenburg,North Carolina,17571
37121,Mitchell,North Carolina,60
37123,Montgomery,North Carolina,472
37125,Moore,North Carolina,716
37127,Nash,North Carolina,760
37129,New Hanover,North Carolina,1835
37131,Northampton,North Carolina,251
37133,Onslow,North Carolina,585
37135,Orange,North Carolina,1112
37137,Pamlico,North Carolina,44
37139,Pasquotank,North Carolina,267
37141,Pender,North Carolina,484
37143,Perquimans,North Carolina,45
37145,Person,North Carolina,144
37147,Pitt,North Carolina,1215
37149,Polk,North Carolina,114
37151,Randolph,North Carolina,1747
37153,Richmond,North Carolina,403
37155,Robeson,North Carolina,1957
37157,Rockingham,North Carolina,359
37159,Rowan,North Carolina,1712
37161,Rutherford,North Carolina,464
37163,Sampson,North Carolina,1305
37165,Scotland,North Carolina,194
37167,Stanly,North Carolina,662
37169,Stokes,North Carolina,199
37171,Surry,North Carolina,675
37173,Swain,North Carolina,80
37175,Transylvania,North Carolina,90
37177,Tyrrell,North Carolina,66
37179,Union,North Carolina,2215
37181,Vance,North Carolina,637
37183,Wake,North Carolina,8897
37185,Warren,North Carolina,208
37187,Washington,North Carolina,75
37189,Watauga,North Carolina,180
37191,Wayne,North Carolina,2103
37193,Wilkes,North Carolina,663
37195,Wilson,North Carolina,1136
37197,Yadkin,North Carolina,407
37199,Yancey,North Carolina,87
38001,Adams,North Dakota,0
38003,Barnes,North Dakota,26
38005,Benson,North Dakota,23
38007,Billings,North Dakota,1
38009,Bottineau,North Dakota,7
38011,Bowman,North Dakota,1
38013,Burke,North Dakota,8
38015,Burleigh,North Dakota,580
38017,Cass,North Dakota,2663
38019,Cavalier,North Dakota,25
38021,Dickey,North Dakota,8
38023,Divide,North Dakota,1
38025,Dunn,North Dakota,27
38027,Eddy,North Dakota,5
38029,Emmons,North Dakota,9
38031,Foster,North Dakota,3
38033,Golden Valley,North Dakota,2
38035,Grand Forks,North Dakota,533
38037,Grant,North Dakota,4
38039,Griggs,North Dakota,3
38041,Hettinger,North Dakota,6
38043,Kidder,North Dakota,4
38045,LaMoure,North Dakota,14
38047,Logan,North Dakota,1
38049,McHenry,North Dakota,11
38051,McIntosh,North Dakota,10
38053,McKenzie,North Dakota,52
38055,McLean,North Dakota,14
38057,Mercer,North Dakota,12
38059,Morton,North Dakota,172
38061,Mountrail,North Dakota,91
38063,Nelson,North Dakota,3
38065,Oliver,North Dakota,3
38067,Pembina,North Dakota,20
38069,Pierce,North Dakota,8
38071,Ramsey,North Dakota,25
38073,Ransom,North Dakota,23
38075,Renville,North Dakota,8
38077,Richland,North Dakota,52
38079,Rolette,North Dakota,13
38081,Sargent,North Dakota,8
38083,Sheridan,North Dakota,4
38085,Sioux,North Dakota,46
38087,Slope,North Dakota,3
38089,Stark,North Dakota,121
38091,Steele,North Dakota,6
38093,Stutsman,North Dakota,75
38095,Towner,North Dakota,4
38097,Traill,North Dakota,31
38099,Walsh,North Dakota,79
38101,Ward,North Dakota,110
38103,Wells,North Dakota,11
38105,Williams,North Dakota,157
39001,Adams,Ohio,35
39003,Allen,Ohio,471
39005,Ashland,Ohio,102
39007,Ashtabula,Ohio,478
39009,Athens,Ohio,274
39011,Auglaize,Ohio,135
39013,Belmont,Ohio,575
39015,Brown,Ohio,68
39017,Butler,Ohio,2143
39019,Carroll,Ohio,86
39021,Champaign,Ohio,69
39023,Clark,Ohio,907
39025,Clermont,Ohio,630
39027,Clinton,Ohio,106
39029,Columbiana,Ohio,1467
39031,Coshocton,Ohio,165
39033,Crawford,Ohio,152
39035,Cuyahoga,Ohio,10713
39037,Darke,Ohio,266
39039,Defiance,Ohio,77
39041,Delaware,Ohio,940
39043,Erie,Ohio,377
39045,Fairfield,Ohio,916
39047,Fayette,Ohio,61
39049,Franklin,Ohio,14246
39051,Fulton,Ohio,91
39053,Gallia,Ohio,30
39055,Geauga,Ohio,466
39057,Greene,Ohio,472
39059,Guernsey,Ohio,89
39061,Hamilton,Ohio,7923
39063,Hancock,Ohio,133
39065,Hardin,Ohio,137
39067,Harrison,Ohio,16
39069,Henry,Ohio,66
39071,Highland,Ohio,74
39073,Hocking,Ohio,94
39075,Holmes,Ohio,297
39077,Huron,Ohio,303
39079,Jackson,Ohio,41
39081,Jefferson,Ohio,159
39083,Knox,Ohio,80
39085,Lake,Ohio,812
39087,Lawrence,Ohio,146
39089,Licking,Ohio,733
39091,Logan,Ohio,88
39093,Lorain,Ohio,1344
39095,Lucas,Ohio,3567
39097,Madison,Ohio,253
39099,Mahoning,Ohio,2119
39101,Marion,Ohio,2780
39103,Medina,Ohio,691
39105,Meigs,Ohio,20
39107,Mercer,Ohio,352
39109,Miami,Ohio,576
39111,Monroe,Ohio,89
39113,Montgomery,Ohio,3018
39115,Morgan,Ohio,14
39117,Morrow,Ohio,136
39119,Muskingum,Ohio,119
39121,Noble,Ohio,16
39123,Ottawa,Ohio,267
39125,Paulding,Ohio,43
39127,Perry,Ohio,62
39129,Pickaway,Ohio,2275
39131,Pike,Ohio,40
39133,Portage,Ohio,574
39135,Preble,Ohio,108
39137,Putnam,Ohio,161
39139,Richland,Ohio,441
39141,Ross,Ohio,194
39143,Sandusky,Ohio,230
39145,Scioto,Ohio,104
39147,Seneca,Ohio,69
39149,Shelby,Ohio,84
39151,Stark,Ohio,1379
39153,Summit,Ohio,2638
39155,Trumbull,Ohio,1171
39157,Tuscarawas,Ohio,685
39159,Union,Ohio,150
39161,Van Wert,Ohio,56
39163,Vinton,Ohio,25
39165,Warren,Ohio,1256
39167,Washington,Ohio,166
39169,Wayne,Ohio,405
39171,Williams,Ohio,94
39173,Wood,Ohio,616
39175,Wyandot,Ohio,72
40001,Adair,Oklahoma,172
40003,Alfalfa,Oklahoma,1
40005,Atoka,Oklahoma,47
40007,Beaver,Oklahoma,32
40009,Beckham,Oklahoma,27
40011,Blaine,Oklahoma,23
40013,Bryan,Oklahoma,240
40015,Caddo,Oklahoma,226
40017,Canadian,Oklahoma,674
40019,Carter,Oklahoma,216
40021,Cherokee,Oklahoma,150
40023,Choctaw,Oklahoma,143
40025,Cimarron,Oklahoma,1
40027,Cleveland,Oklahoma,1693
40029,Coal,Oklahoma,18
40031,Comanche,Oklahoma,594
40033,Cotton,Oklahoma,12
40035,Craig,Oklahoma,37
40037,Creek,Oklahoma,272
40039,Custer,Oklahoma,112
40041,Delaware,Oklahoma,293
40043,Dewey,Oklahoma,7
40045,Ellis,Oklahoma,1
40047,Garfield,Oklahoma,176
40049,Garvin,Oklahoma,146
40051,Grady,Oklahoma,304
40053,Grant,Oklahoma,5
40055,Greer,Oklahoma,71
40057,Harmon,Oklahoma,4
40059,Harper,Oklahoma,2
40061,Haskell,Oklahoma,21
40063,Hughes,Oklahoma,22
40065,Jackson,Oklahoma,215
40067,Jefferson,Oklahoma,20
40069,Johnston,Oklahoma,23
40071,Kay,Oklahoma,147
40073,Kingfisher,Oklahoma,63
40075,Kiowa,Oklahoma,18
40077,Latimer,Oklahoma,25
40079,Le Flore,Oklahoma,89
40081,Lincoln,Oklahoma,58
40083,Logan,Oklahoma,120
40085,Love,Oklahoma,55
40087,McClain,Oklahoma,289
40089,McCurtain,Oklahoma,695
40091,McIntosh,Oklahoma,100
40093,Major,Oklahoma,16
40095,Marshall,Oklahoma,51
40097,Mayes,Oklahoma,178
40099,Murray,Oklahoma,29
40101,Muskogee,Oklahoma,247
40103,Noble,Oklahoma,59
40105,Nowata,Oklahoma,41
40107,Okfuskee,Oklahoma,23
40109,Oklahoma,Oklahoma,6301
40111,Okmulgee,Oklahoma,219
40113,Osage,Oklahoma,246
40115,Ottawa,Oklahoma,219
40117,Pawnee,Oklahoma,85
40119,Payne,Oklahoma,528
40121,Pittsburg,Oklahoma,87
40123,Pontotoc,Oklahoma,103
40125,Pottawatomie,Oklahoma,211
40127,Pushmataha,Oklahoma,39
40129,Roger Mills,Oklahoma,3
40131,Rogers,Oklahoma,439
40133,Seminole,Oklahoma,84
40135,Sequoyah,Oklahoma,86
40137,Stephens,Oklahoma,126
40139,Texas,Oklahoma,1007
40141,Tillman,Oklahoma,32
40143,Tulsa,Oklahoma,6316
40145,Wagoner,Oklahoma,464
40147,Washington,Oklahoma,496
40149,Washita,Oklahoma,12
40151,Woods,Oklahoma,12
40153,Woodward,Oklahoma,18
41001,Baker,Oregon,13
41003,Benton,Oregon,128
41005,Clackamas,Oregon,1141
41007,Clatsop,Oregon,64
41009,Columbia,Oregon,62
41011,Coos,Oregon,69
41013,Crook,Oregon,28
41015,Curry,Oregon,10
41017,Deschutes,Oregon,371
41019,Douglas,Oregon,87
41021,Gilliam,Oregon,2
41023,Grant,Oregon,1
41025,Harney,Oregon,3
41027,Hood River,Oregon,132
41029,Jackson,Oregon,242
41031,Jefferson,Oregon,206
41033,Josephine,Oregon,72
41035,Klamath,Oregon,155
41037,Lake,Oregon,29
41039,Lane,Oregon,398
41041,Lincoln,Oregon,371
41043,Linn,Oregon,199
41045,Malheur,Oregon,499
41047,Marion,Oregon,2170
41049,Morrow,Oregon,195
41051,Multnomah,Oregon,3566
41053,Polk,Oregon,204
41055,Sherman,Oregon,8
41057,Tillamook,Oregon,23
41059,Umatilla,Oregon,1381
41061,Union,Oregon,383
41063,Wallowa,Oregon,18
41065,Wasco,Oregon,130
41067,Washington,Oregon,2246
41069,Wheeler,Oregon,0
41071,Yamhill,Oregon,241
42001,Adams,Pennsylvania,414
42003,Allegheny,Pennsylvania,6435
42005,Armstrong,Pennsylvania,119
42007,Beaver,Pennsylvania,968
42009,Bedford,Pennsylvania,105
42011,Berks,Pennsylvania,4845
42013,Blair,Pennsylvania,142
42015,Bradford,Pennsylvania,67
42017,Bucks,Pennsylvania,6387
42019,Butler,Pennsylvania,481
42021,Cambria,Pennsylvania,172
42023,Cameron,Pennsylvania,5
42025,Carbon,Pennsylvania,324
42027,Centre,Pennsylvania,288
42029,Chester,Pennsylvania,4326
42031,Clarion,Pennsylvania,68
42033,Clearfield,Pennsylvania,99
42035,Clinton,Pennsylvania,104
42037,Columbia,Pennsylvania,433
42039,Crawford,Pennsylvania,109
42041,Cumberland,Pennsylvania,1024
42043,Dauphin,Pennsylvania,2420
42045,Delaware,Pennsylvania,7903
42047,Elk,Pennsylvania,37
42049,Erie,Pennsylvania,787
42051,Fayette,Pennsylvania,272
42053,Forest,Pennsylvania,7
42055,Franklin,Pennsylvania,1074
42057,Fulton,Pennsylvania,19
42059,Greene,Pennsylvania,87
42061,Huntingdon,Pennsylvania,269
42063,Indiana,Pennsylvania,180
42065,Jefferson,Pennsylvania,47
42067,Juniata,Pennsylvania,120
42069,Lackawanna,Pennsylvania,1808
42071,Lancaster,Pennsylvania,5084
42073,Lawrence,Pennsylvania,235
42075,Lebanon,Pennsylvania,1500
42077,Lehigh,Pennsylvania,4564
42079,Luzerne,Pennsylvania,3071
42081,Lycoming,Pennsylvania,274
42083,McKean,Pennsylvania,25
42085,Mercer,Pennsylvania,245
42087,Mifflin,Pennsylvania,82
42089,Monroe,Pennsylvania,1503
42091,Montgomery,Pennsylvania,9182
42093,Montour,Pennsylvania,86
42095,Northampton,Pennsylvania,3649
42097,Northumberland,Pennsylvania,364
42099,Perry,Pennsylvania,96
42101,Philadelphia,Pennsylvania,28592
42103,Pike,Pennsylvania,514
42105,Potter,Pennsylvania,19
42107,Schuylkill,Pennsylvania,824
42109,Snyder,Pennsylvania,81
42111,Somerset,Pennsylvania,94
42113,Sullivan,Pennsylvania,10
42115,Susquehanna,Pennsylvania,195
42117,Tioga,Pennsylvania,32
42119,Union,Pennsylvania,114
42121,Venango,Pennsylvania,51
42123,Warren,Pennsylvania,13
42125,Washington,Pennsylvania,580
42127,Wayne,Pennsylvania,149
42129,Westmoreland,Pennsylvania,1174
42131,Wyoming,Pennsylvania,52
42133,York,Pennsylvania,2006
44001,Bristol,Rhode Island,283
44003,Kent,Rhode Island,1316
44005,Newport,Rhode Island,365
44007,Providence,Rhode Island,13674
44009,Washington,Rhode Island,564
45001,Abbeville,South Carolina,242
45003,Aiken,South Carolina,1049
45005,Allendale,South Carolina,125
45007,Anderson,South Carolina,1424
45009,Bamberg,South Carolina,311
45011,Barnwell,South Carolina,214
45013,Beaufort,South Carolina,2521
45015,Berkeley,South Carolina,2989
45017,Calhoun,South Carolina,226
45019,Charleston,South Carolina,9623
45021,Cherokee,South Carolina,347
45023,Chester,South Carolina,368
45025,Chesterfield,South Carolina,535
45027,Clarendon,South Carolina,579
45029,Colleton,South Carolina,573
45031,Darlington,South Carolina,714
45033,Dillon,South Carolina,441
45035,Dorchester,South Carolina,2154
45037,Edgefield,South Carolina,171
45039,Fairfield,South Carolina,438
45041,Florence,South Carolina,2080
45043,Georgetown,South Carolina,986
45045,Greenville,South Carolina,8583
45047,Greenwood,South Carolina,1013
45049,Hampton,South Carolina,175
45051,Horry,South Carolina,6784
45053,Jasper,South Carolina,339
45055,Kershaw,South Carolina,1009
45057,Lancaster,South Carolina,775
45059,Laurens,South Carolina,939
45061,Lee,South Carolina,393
45063,Lexington,South Carolina,3653
45065,McCormick,South Carolina,79
45067,Marion,South Carolina,398
45069,Marlboro,South Carolina,361
45071,Newberry,South Carolina,549
45073,Oconee,South Carolina,570
45075,Orangeburg,South Carolina,1595
45077,Pickens,South Carolina,1431
45079,Richland,South Carolina,6216
45081,Saluda,South Carolina,350
45083,Spartanburg,South Carolina,3117
45085,Sumter,South Carolina,1715
45087,Union,South Carolina,203
45089,Williamsburg,South Carolina,650
45091,York,South Carolina,2438
46003,Aurora,South Dakota,35
46005,Beadle,South Dakota,571
46007,Bennett,South Dakota,5
46009,Bon Homme,South Dakota,13
46011,Brookings,South Dakota,104
46013,Brown,South Dakota,366
46015,Brule,South Dakota,37
46017,Buffalo,South Dakota,104
46019,Butte,South Dakota,5
46021,Campbell,South Dakota,1
46023,Charles Mix,South Dakota,98
46025,Clark,South Dakota,16
46027,Clay,South Dakota,97
46029,Codington,South Dakota,103
46031,Corson,South Dakota,22
46033,Custer,South Dakota,11
46035,Davison,South Dakota,69
46037,Day,South Dakota,19
46039,Deuel,South Dakota,5
46041,Dewey,South Dakota,45
46043,Douglas,South Dakota,15
46045,Edmunds,South Dakota,10
46047,Fall River,South Dakota,14
46049,Faulk,South Dakota,24
46051,Grant,South Dakota,17
46053,Gregory,South Dakota,6
46055,Haakon,South Dakota,1
46057,Hamlin,South Dakota,13
46059,Hand,South Dakota,7
46061,Hanson,South Dakota,14
46063,Harding,South Dakota,0
46065,Hughes,South Dakota,78
46067,Hutchinson,South Dakota,21
46069,Hyde,South Dakota,3
46071,Jackson,South Dakota,7
46073,Jerauld,South Dakota,39
46075,Jones,South Dakota,1
46077,Kingsbury,South Dakota,8
46079,Lake,South Dakota,48
46081,Lawrence,South Dakota,23
46083,Lincoln,South Dakota,418
46085,Lyman,South Dakota,84
46087,McCook,South Dakota,21
46089,McPherson,South Dakota,6
46091,Marshall,South Dakota,5
46093,Meade,South Dakota,58
46095,Mellette,South Dakota,14
46097,Miner,South Dakota,11
46099,Minnehaha,South Dakota,3869
46101,Moody,South Dakota,26
46102,Oglala Lakota,South Dakota,129
46103,Pennington,South Dakota,725
46105,Perkins,South Dakota,4
46107,Potter,South Dakota,0
46109,Roberts,South Dakota,62
46111,Sanborn,South Dakota,12
46115,Spink,South Dakota,16
46117,Stanley,South Dakota,14
46119,Sully,South Dakota,1
46121,Todd,South Dakota,65
46123,Tripp,South Dakota,19
46125,Turner,South Dakota,33
46127,Union,South Dakota,164
46129,Walworth,South Dakota,18
46135,Yankton,South Dakota,91
46137,Ziebach,South Dakota,3
47001,Anderson,Tennessee,300
47003,Bedford,Tennessee,688
47005,Benton,Tennessee,30
47007,Bledsoe,Tennessee,641
47009,Blount,Tennessee,538
47011,Bradley,Tennessee,1239
47013,Campbell,Tennessee,100
47015,Cannon,Tennessee,71
47017,Carroll,Tennessee,80
47019,Carter,Tennessee,205
47021,Cheatham,Tennessee,371
47023,Chester,Tennessee,120
47025,Claiborne,Tennessee,118
47027,Clay,Tennessee,34
47029,Cocke,Tennessee,217
47031,Coffee,Tennessee,205
47033,Crockett,Tennessee,105
47035,Cumberland,Tennessee,255
47037,Davidson,Tennessee,16223
47039,Decatur,Tennessee,59
47041,DeKalb,Tennessee,145
47043,Dickson,Tennessee,390
47045,Dyer,Tennessee,373
47047,Fayette,Tennessee,473
47049,Fentress,Tennessee,41
47051,Franklin,Tennessee,164
47053,Gibson,Tennessee,312
47055,Giles,Tennessee,207
47057,Grainger,Tennessee,74
47059,Greene,Tennessee,223
47061,Grundy,Tennessee,72
47063,Hamblen,Tennessee,660
47065,Hamilton,Tennessee,4341
47067,Hancock,Tennessee,30
47069,Hardeman,Tennessee,556
47071,Hardin,Tennessee,203
47073,Hawkins,Tennessee,145
47075,Haywood,Tennessee,192
47077,Henderson,Tennessee,175
47079,Henry,Tennessee,63
47081,Hickman,Tennessee,143
47083,Houston,Tennessee,30
47085,Humphreys,Tennessee,62
47087,Jackson,Tennessee,72
47089,Jefferson,Tennessee,264
47091,Johnson,Tennessee,52
47093,Knox,Tennessee,2413
47095,Lake,Tennessee,702
47097,Lauderdale,Tennessee,254
47099,Lawrence,Tennessee,302
47101,Lewis,Tennessee,19
47103,Lincoln,Tennessee,143
47105,Loudon,Tennessee,408
47107,McMinn,Tennessee,371
47109,McNairy,Tennessee,162
47111,Macon,Tennessee,703
47113,Madison,Tennessee,500
47115,Marion,Tennessee,132
47117,Marshall,Tennessee,166
47119,Maury,Tennessee,665
47121,Meigs,Tennessee,53
47123,Monroe,Tennessee,185
47125,Montgomery,Tennessee,1173
47127,Moore,Tennessee,32
47129,Morgan,Tennessee,42
47131,Obion,Tennessee,175
47133,Overton,Tennessee,91
47135,Perry,Tennessee,49
47137,Pickett,Tennessee,10
47139,Polk,Tennessee,70
47141,Putnam,Tennessee,1214
47143,Rhea,Tennessee,401
47145,Roane,Tennessee,125
47147,Robertson,Tennessee,1143
47149,Rutherford,Tennessee,4618
47151,Scott,Tennessee,36
47153,Sequatchie,Tennessee,61
47155,Sevier,Tennessee,1112
47157,Shelby,Tennessee,16702
47159,Smith,Tennessee,219
47161,Stewart,Tennessee,47
47163,Sullivan,Tennessee,427
47165,Sumner,Tennessee,2505
47167,Tipton,Tennessee,809
47169,Trousdale,Tennessee,1543
47171,Unicoi,Tennessee,69
47173,Union,Tennessee,50
47175,Van Buren,Tennessee,14
47177,Warren,Tennessee,222
47179,Washington,Tennessee,470
47181,Wayne,Tennessee,150
47183,Weakley,Tennessee,101
47185,White,Tennessee,124
47187,Williamson,Tennessee,2562
47189,Wilson,Tennessee,1628
48001,Anderson,Texas,2015
48003,Andrews,Texas,189
48005,Angelina,Texas,1000
48007,Aransas,Texas,92
48009,Archer,Texas,12
48011,Armstrong,Texas,3
48013,Atascosa,Texas,355
48015,Austin,Texas,160
48017,Bailey,Texas,125
48019,Bandera,Texas,48
48021,Bastrop,Texas,1034
48023,Baylor,Texas,1
48025,Bee,Texas,232
48027,Bell,Texas,2640
48029,Bexar,Texas,31316
48031,Blanco,Texas,76
48033,Borden,Texas,0
48035,Bosque,Texas,75
48037,Bowie,Texas,626
48039,Brazoria,Texas,4767
48041,Brazos,Texas,3397
48043,Brewster,Texas,161
48045,Briscoe,Texas,9
48047,Brooks,Texas,56
48049,Brown,Texas,273
48051,Burleson,Texas,196
48053,Burnet,Texas,331
48055,Caldwell,Texas,841
48057,Calhoun,Texas,217
48059,Callahan,Texas,32
48061,Cameron,Texas,5891
48063,Camp,Texas,167
48065,Carson,Texas,10
48067,Cass,Texas,90
48069,Castro,Texas,145
48071,Chambers,Texas,698
48073,Cherokee,Texas,516
48075,Childress,Texas,9
48077,Clay,Texas,19
48079,Cochran,Texas,9
48081,Coke,Texas,9
48083,Coleman,Texas,7
48085,Collin,Texas,5374
48087,Collingsworth,Texas,6
48089,Colorado,Texas,197
48091,Comal,Texas,1300
48093,Comanche,Texas,187
48095,Concho,Texas,17
48097,Cooke,Texas,120
48099,Coryell,Texas,436
48101,Cottle,Texas,6
48103,Crane,Texas,65
48105,Crockett,Texas,103
48107,Crosby,Texas,36
48109,Culberson,Texas,13
48111,Dallam,Texas,149
48113,Dallas,Texas,42292
48115,Dawson,Texas,106
48117,Deaf Smith,Texas,447
48119,Delta,Texas,11
48121,Denton,Texas,4968
48123,DeWitt,Texas,306
48125,Dickens,Texas,4
48127,Dimmit,Texas,56
48129,Donley,Texas,35
48131,Duval,Texas,105
48133,Eastland,Texas,29
48135,Ector,Texas,2403
48137,Edwards,Texas,14
48139,Ellis,Texas,1972
48141,El Paso,Texas,11769
48143,Erath,Texas,339
48145,Falls,Texas,68
48147,Fannin,Texas,165
48149,Fayette,Texas,247
48151,Fisher,Texas,22
48153,Floyd,Texas,62
48155,Foard,Texas,1
48157,Fort Bend,Texas,5995
48159,Franklin,Texas,67
48161,Freestone,Texas,96
48163,Frio,Texas,376
48165,Gaines,Texas,57
48167,Galveston,Texas,7354
48169,Garza,Texas,60
48171,Gillespie,Texas,123
48173,Glasscock,Texas,6
48175,Goliad,Texas,31
48177,Gonzales,Texas,433
48179,Gray,Texas,140
48181,Grayson,Texas,849
48183,Gregg,Texas,1008
48185,Grimes,Texas,726
48187,Guadalupe,Texas,1296
48189,Hale,Texas,934
48191,Hall,Texas,2
48193,Hamilton,Texas,45
48195,Hansford,Texas,43
48197,Hardeman,Texas,6
48199,Hardin,Texas,524
48201,Harris,Texas,57071
48203,Harrison,Texas,513
48205,Hartley,Texas,70
48207,Haskell,Texas,24
48209,Hays,Texas,3979
48211,Hemphill,Texas,23
48213,Henderson,Texas,380
48215,Hidalgo,Texas,12787
48217,Hill,Texas,204
48219,Hockley,Texas,129
48221,Hood,Texas,288
48223,Hopkins,Texas,129
48225,Houston,Texas,217
48227,Howard,Texas,90
48229,Hudspeth,Texas,18
48231,Hunt,Texas,850
48233,Hutchinson,Texas,91
48235,Irion,Texas,4
48237,Jack,Texas,14
48239,Jackson,Texas,147
48241,Jasper,Texas,93
48243,Jeff Davis,Texas,6
48245,Jefferson,Texas,4260
48247,Jim Hogg,Texas,42
48249,Jim Wells,Texas,402
48251,Johnson,Texas,973
48253,Jones,Texas,641
48255,Karnes,Texas,153
48257,Kaufman,Texas,1222
48259,Kendall,Texas,117
48261,Kenedy,Texas,3
48263,Kent,Texas,2
48265,Kerr,Texas,255
48267,Kimble,Texas,11
48269,King,Texas,0
48271,Kinney,Texas,4
48273,Kleberg,Texas,268
48275,Knox,Texas,17
48277,Lamar,Texas,470
48279,Lamb,Texas,119
48281,Lampasas,Texas,48
48283,La Salle,Texas,311
48285,Lavaca,Texas,464
48287,Lee,Texas,118
48289,Leon,Texas,119
48291,Liberty,Texas,650
48293,Limestone,Texas,118
48295,Lipscomb,Texas,12
48297,Live Oak,Texas,101
48299,Llano,Texas,60
48301,Loving,Texas,0
48303,Lubbock,Texas,4482
48305,Lynn,Texas,55
48307,McCulloch,Texas,30
48309,McLennan,Texas,3413
48311,McMullen,Texas,4
48313,Madison,Texas,184
48315,Marion,Texas,108
48317,Martin,Texas,32
48319,Mason,Texas,38
48321,Matagorda,Texas,475
48323,Maverick,Texas,1283
48325,Medina,Texas,492
48327,Menard,Texas,15
48329,Midland,Texas,1522
48331,Milam,Texas,217
48333,Mills,Texas,8
48335,Mitchell,Texas,31
48337,Montague,Texas,35
48339,Montgomery,Texas,5067
48341,Moore,Texas,942
48343,Morris,Texas,64
48345,Motley,Texas,2
48347,Nacogdoches,Texas,669
48349,Navarro,Texas,562
48351,Newton,Texas,29
48353,Nolan,Texas,90
48355,Nueces,Texas,8816
48357,Ochiltree,Texas,62
48359,Oldham,Texas,9
48361,Orange,Texas,720
48363,Palo Pinto,Texas,84
48365,Panola,Texas,248
48367,Parker,Texas,697
48369,Parmer,Texas,261
48371,Pecos,Texas,166
48373,Polk,Texas,414
48375,Potter,Texas,3159
48377,Presidio,Texas,28
48379,Rains,Texas,25
48381,Randall,Texas,1260
48383,Reagan,Texas,49
48385,Real,Texas,8
48387,Red River,Texas,130
48389,Reeves,Texas,90
48391,Refugio,Texas,89
48393,Roberts,Texas,6
48395,Robertson,Texas,155
48397,Rockwall,Texas,537
48399,Runnels,Texas,35
48401,Rusk,Texas,260
48403,Sabine,Texas,36
48405,San Augustine,Texas,139
48407,San Jacinto,Texas,125
48409,San Patricio,Texas,402
48411,San Saba,Texas,11
48413,Schleicher,Texas,30
48415,Scurry,Texas,367
48417,Shackelford,Texas,13
48419,Shelby,Texas,322
48421,Sherman,Texas,34
48423,Smith,Texas,1762
48425,Somervell,Texas,35
48427,Starr,Texas,1362
48429,Stephens,Texas,16
48431,Sterling,Texas,1
48433,Stonewall,Texas,4
48435,Sutton,Texas,39
48437,Swisher,Texas,65
48439,Tarrant,Texas,22002
48441,Taylor,Texas,921
48443,Terrell,Texas,2
48445,Terry,Texas,64
48447,Throckmorton,Texas,2
48449,Titus,Texas,1087
48451,Tom Green,Texas,1560
48453,Travis,Texas,17646
48455,Trinity,Texas,102
48457,Tyler,Texas,49
48459,Upshur,Texas,130
48461,Upton,Texas,13
48463,Uvalde,Texas,325
48465,Val Verde,Texas,964
48467,Van Zandt,Texas,244
48469,Victoria,Texas,2188
48471,Walker,Texas,2606
48473,Waller,Texas,298
48475,Ward,Texas,67
48477,Washington,Texas,388
48479,Webb,Texas,3950
48481,Wharton,Texas,420
48483,Wheeler,Texas,27
48485,Wichita,Texas,751
48487,Wilbarger,Texas,23
48489,Willacy,Texas,474
48491,Williamson,Texas,4888
48493,Wilson,Texas,352
48495,Winkler,Texas,55
48497,Wise,Texas,219
48499,Wood,Texas,174
48501,Yoakum,Texas,56
48503,Young,Texas,71
48505,Zapata,Texas,113
48507,Zavala,Texas,95
49001,Beaver,Utah,0
49003,Box Elder,Utah,0
49005,Cache,Utah,0
49007,Carbon,Utah,0
49009,Daggett,Utah,0
49011,Davis,Utah,2360
49013,Duchesne,Utah,0
49015,Emery,Utah,0
49017,Garfield,Utah,0
49019,Grand,Utah,0
49021,Iron,Utah,0
49023,Juab,Utah,0
49025,Kane,Utah,0
49027,Millard,Utah,0
49029,Morgan,Utah,0
49031,Piute,Utah,0
49033,Rich,Utah,0
49035,Salt Lake,Utah,16693
49037,San Juan,Utah,536
49039,Sanpete,Utah,0
49041,Sevier,Utah,0
49043,Summit,Utah,637
49045,Tooele,Utah,441
49047,Uintah,Utah,0
49049,Utah,Utah,6380
49051,Wasatch,Utah,491
49053,Washington,Utah,0
49055,Wayne,Utah,0
49057,Weber,Utah,0
50001,Addison,Vermont,71
50003,Bennington,Vermont,79
50005,Caledonia,Vermont,25
50007,Chittenden,Vermont,688
50009,Essex,Vermont,5
50011,Franklin,Vermont,110
50013,Grand Isle,Vermont,13
50015,Lamoille,Vermont,42
50017,Orange,Vermont,11
50019,Orleans,Vermont,14
50021,Rutland,Vermont,80
50023,Washington,Vermont,45
50025,Windham,Vermont,100
50027,Windsor,Vermont,67
51001,Accomack,Virginia,1053
51003,Albemarle,Virginia,628
51005,Alleghany,Virginia,55
51007,Amelia,Virginia,60
51009,Amherst,Virginia,60
51011,Appomattox,Virginia,54
51013,Arlington,Virginia,2737
51015,Augusta,Virginia,229
51017,Bath,Virginia,2
51019,Bedford,Virginia,191
51021,Bland,Virginia,5
51023,Botetourt,Virginia,166
51025,Brunswick,Virginia,157
51027,Buchanan,Virginia,54
51029,Buckingham,Virginia,584
51031,Campbell,Virginia,80
51033,Caroline,Virginia,157
51035,Carroll,Virginia,279
51036,Charles City,Virginia,43
51037,Charlotte,Virginia,39
51041,Chesterfield,Virginia,3472
51043,Clarke,Virginia,64
51045,Craig,Virginia,11
51047,Culpeper,Virginia,900
51049,Cumberland,Virginia,60
51051,Dickenson,Virginia,10
51053,Dinwiddie,Virginia,168
51057,Essex,Virginia,71
51059,Fairfax,Virginia,14934
51061,Fauquier,Virginia,530
51063,Floyd,Virginia,28
51065,Fluvanna,Virginia,146
51067,Franklin,Virginia,117
51069,Frederick,Virginia,597
51071,Giles,Virginia,18
51073,Gloucester,Virginia,99
51075,Goochland,Virginia,139
51077,Grayson,Virginia,104
51079,Greene,Virginia,96
51081,Greensville,Virginia,388
51083,Halifax,Virginia,105
51085,Hanover,Virginia,518
51087,Henrico,Virginia,3058
51089,Henry,Virginia,393
51091,Highland,Virginia,3
51093,Isle of Wight,Virginia,277
51095,James City,Virginia,452
51097,King and Queen,Virginia,32
51099,King George,Virginia,108
51101,King William,Virginia,63
51103,Lancaster,Virginia,23
51105,Lee,Virginia,35
51107,Loudoun,Virginia,4670
51109,Louisa,Virginia,155
51111,Lunenburg,Virginia,43
51113,Madison,Virginia,51
51115,Mathews,Virginia,10
51117,Mecklenburg,Virginia,280
51119,Middlesex,Virginia,20
51121,Montgomery,Virginia,220
51125,Nelson,Virginia,28
51127,New Kent,Virginia,90
51131,Northampton,Virginia,279
51133,Northumberland,Virginia,55
51135,Nottoway,Virginia,150
51137,Orange,Virginia,179
51139,Page,Virginia,317
51141,Patrick,Virginia,57
51143,Pittsylvania,Virginia,232
51145,Powhatan,Virginia,103
51147,Prince Edward,Virginia,241
51149,Prince George,Virginia,291
51153,Prince William,Virginia,8190
51155,Pulaski,Virginia,61
51157,Rappahannock,Virginia,34
51159,Richmond,Virginia,313
51161,Roanoke,Virginia,363
51163,Rockbridge,Virginia,47
51165,Rockingham,Virginia,829
51167,Russell,Virginia,30
51169,Scott,Virginia,25
51171,Shenandoah,Virginia,650
51173,Smyth,Virginia,73
51175,Southampton,Virginia,204
51177,Spotsylvania,Virginia,1154
51179,Stafford,Virginia,1128
51181,Surry,Virginia,26
51183,Sussex,Virginia,235
51185,Tazewell,Virginia,45
51187,Warren,Virginia,334
51191,Washington,Virginia,112
51193,Westmoreland,Virginia,187
51195,Wise,Virginia,54
51197,Wythe,Virginia,72
51199,York,Virginia,226
51510,Alexandria,Virginia,2559
51520,Bristol,Virginia,23
51530,Buena Vista,Virginia,29
51540,Charlottesville,Virginia,361
51550,Chesapeake,Virginia,1758
51570,Colonial Heights,Virginia,164
51580,Covington,Virginia,7
51590,Danville,Virginia,196
51595,Emporia,Virginia,151
51600,Fairfax City,Virginia,73
51610,Falls Church,Virginia,55
51620,Franklin City,Virginia,93
51630,Fredericksburg,Virginia,296
51640,Galax,Virginia,304
51650,Hampton,Virginia,723
51660,Harrisonburg,Virginia,1009
51670,Hopewell,Virginia,231
51678,Lexington,Virginia,23
51680,Lynchburg,Virginia,251
51683,Manassas,Virginia,1530
51685,Manassas Park,Virginia,473
51690,Martinsville,Virginia,132
51700,Newport News,Virginia,1206
51710,Norfolk,Virginia,2214
51720,Norton,Virginia,5
51730,Petersburg,Virginia,370
51735,Poquoson,Virginia,27
51740,Portsmouth,Virginia,1009
51750,Radford,Virginia,21
51760,Richmond City,Virginia,2588
51770,Roanoke City,Virginia,659
51775,Salem,Virginia,113
51790,Staunton,Virginia,117
51800,Suffolk,Virginia,757
51810,Virginia Beach,Virginia,2720
51820,Waynesboro,Virginia,142
51830,Williamsburg,Virginia,94
51840,Winchester,Virginia,377
53001,Adams,Washington,307
53003,Asotin,Washington,21
53005,Benton,Washington,2884
53007,Chelan,Washington,766
53009,Clallam,Washington,68
53011,Clark,Washington,1201
53013,Columbia,Washington,9
53015,Cowlitz,Washington,347
53017,Douglas,Washington,530
53019,Ferry,Washington,6
53021,Franklin,Washington,2794
53023,Garfield,Washington,2
53025,Grant,Washington,972
53027,Grays Harbor,Washington,66
53029,Island,Washington,216
53031,Jefferson,Washington,50
53033,King,Washington,13319
53035,Kitsap,Washington,399
53037,Kittitas,Washington,297
53039,Klickitat,Washington,83
53041,Lewis,Washington,129
53043,Lincoln,Washington,6
53045,Mason,Washington,81
53047,Okanogan,Washington,454
53049,Pacific,Washington,19
53051,Pend Oreille,Washington,25
53053,Pierce,Washington,3834
53055,San Juan,Washington,24
53057,Skagit,Washington,707
53059,Skamania,Washington,41
53061,Snohomish,Washington,4386
53063,Spokane,Washington,2742
53065,Stevens,Washington,44
53067,Thurston,Washington,469
53069,Wahkiakum,Washington,5
53071,Walla Walla,Washington,297
53073,Whatcom,Washington,788
53075,Whitman,Washington,56
53077,Yakima,Washington,9185
54001,Barbour,West Virginia,25
54003,Berkeley,West Virginia,568
54005,Boone,West Virginia,61
54007,Braxton,West Virginia,7
54009,Brooke,West Virginia,39
54011,Cabell,West Virginia,229
54013,Calhoun,West Virginia,5
54015,Clay,West Virginia,16
54017,Doddridge,West Virginia,0
54019,Fayette,West Virginia,102
54021,Gilmer,West Virginia,13
54023,Grant,West Virginia,24
54025,Greenbrier,West Virginia,80
54027,Hampshire,West Virginia,50
54029,Hancock,West Virginia,62
54031,Hardy,West Virginia,49
54033,Harrison,West Virginia,141
54035,Jackson,West Virginia,149
54037,Jefferson,West Virginia,274
54039,Kanawha,West Virginia,536
54041,Lewis,West Virginia,25
54043,Lincoln,West Virginia,21
54045,Logan,West Virginia,46
54047,McDowell,West Virginia,12
54049,Marion,West Virginia,139
54051,Marshall,West Virginia,83
54053,Mason,West Virginia,28
54055,Mercer,West Virginia,72
54057,Mineral,West Virginia,73
54059,Mingo,West Virginia,55
54061,Monongalia,West Virginia,754
54063,Monroe,West Virginia,17
54065,Morgan,West Virginia,21
54067,Nicholas,West Virginia,21
54069,Ohio,West Virginia,178
54071,Pendleton,West Virginia,20
54073,Pleasants,West Virginia,6
54075,Pocahontas,West Virginia,38
54077,Preston,West Virginia,113
54079,Putnam,West Virginia,116
54081,Raleigh,West Virginia,101
54083,Randolph,West Virginia,199
54085,Ritchie,West Virginia,3
54087,Roane,West Virginia,12
54089,Summers,West Virginia,2
54091,Taylor,West Virginia,30
54093,Tucker,West Virginia,7
54095,Tyler,West Virginia,10
54097,Upshur,West Virginia,33
54099,Wayne,West Virginia,153
54101,Webster,West Virginia,2
54103,Wetzel,West Virginia,42
54105,Wirt,West Virginia,6
54107,Wood,West Virginia,208
54109,Wyoming,West Virginia,8
55001,Adams,Wisconsin,52
55003,Ashland,Wisconsin,10
55005,Barron,Wisconsin,74
55007,Bayfield,Wisconsin,13
55009,Brown,Wisconsin,3510
55011,Buffalo,Wisconsin,25
55013,Burnett,Wisconsin,5
55015,Calumet,Wisconsin,188
55017,Chippewa,Wisconsin,161
55019,Clark,Wisconsin,141
55021,Columbia,Wisconsin,159
55023,Crawford,Wisconsin,48
55025,Dane,Wisconsin,3549
55027,Dodge,Wisconsin,570
55029,Door,Wisconsin,74
55031,Douglas,Wisconsin,75
55033,Dunn,Wisconsin,68
55035,Eau Claire,Wisconsin,402
55037,Florence,Wisconsin,5
55039,Fond du Lac,Wisconsin,441
55041,Forest,Wisconsin,50
55043,Grant,Wisconsin,250
55045,Green,Wisconsin,117
55047,Green Lake,Wisconsin,47
55049,Iowa,Wisconsin,50
55051,Iron,Wisconsin,28
55053,Jackson,Wisconsin,37
55055,Jefferson,Wisconsin,427
55057,Juneau,Wisconsin,76
55059,Kenosha,Wisconsin,2027
55061,Kewaunee,Wisconsin,92
55063,La Crosse,Wisconsin,674
55065,Lafayette,Wisconsin,86
55067,Langlade,Wisconsin,11
55069,Lincoln,Wisconsin,37
55071,Manitowoc,Wisconsin,202
55073,Marathon,Wisconsin,383
55075,Marinette,Wisconsin,177
55077,Marquette,Wisconsin,58
55078,Menominee,Wisconsin,10
55079,Milwaukee,Wisconsin,16275
55081,Monroe,Wisconsin,165
55083,Oconto,Wisconsin,121
55085,Oneida,Wisconsin,52
55087,Outagamie,Wisconsin,814
55089,Ozaukee,Wisconsin,385
55091,Pepin,Wisconsin,22
55093,Pierce,Wisconsin,128
55095,Polk,Wisconsin,81
55097,Portage,Wisconsin,292
55099,Price,Wisconsin,13
55101,Racine,Wisconsin,2624
55103,Richland,Wisconsin,18
55105,Rock,Wisconsin,1171
55107,Rusk,Wisconsin,13
55109,St. Croix,Wisconsin,333
55111,Sauk,Wisconsin,230
55113,Sawyer,Wisconsin,19
55115,Shawano,Wisconsin,113
55117,Sheboygan,Wisconsin,398
55119,Taylor,Wisconsin,33
55121,Trempealeau,Wisconsin,228
55123,Vernon,Wisconsin,45
55125,Vilas,Wisconsin,21
55127,Walworth,Wisconsin,942
55129,Washburn,Wisconsin,7
55131,Washington,Wisconsin,570
55133,Waukesha,Wisconsin,2221
55135,Waupaca,Wisconsin,224
55137,Waushara,Wisconsin,52
55139,Winnebago,Wisconsin,864
55141,Wood,Wisconsin,135
56001,Albany,Wyoming,67
56003,Big Horn,Wyoming,31
56005,Campbell,Wyoming,96
56007,Carbon,Wyoming,35
56009,Converse,Wyoming,29
56011,Crook,Wyoming,9
56013,Fremont,Wyoming,426
56015,Goshen,Wyoming,11
56017,Hot Springs,Wyoming,14
56019,Johnson,Wyoming,22
56021,Laramie,Wyoming,383
56023,Lincoln,Wyoming,60
56025,Natrona,Wyoming,178
56027,Niobrara,Wyoming,2
56029,Park,Wyoming,89
56031,Platte,Wyoming,4
56033,Sheridan,Wyoming,40
56035,Sublette,Wyoming,17
56037,Sweetwater,Wyoming,181
56039,Teton,Wyoming,223
56041,Uinta,Wyoming,222
56043,Washakie,Wyoming,44
56045,Weston,Wyoming,4
80001,Out of AL,Alabama,0
80002,Out of AK,Alaska,0
80004,Out of AZ,Arizona,0
80005,Out of AR,Arkansas,0
80006,Out of CA,California,0
80008,Out of CO,Colorado,0
80009,Out of CT,Connecticut,0
80010,Out of DE,Delaware,0
80011,Out of DC,District of Columbia,0
80012,Out of FL,Florida,0
80013,Out of GA,Georgia,12787
80015,Out of HI,Hawaii,22
80016,Out of ID,Idaho,0
80017,Out of IL,Illinois,3
80018,Out of IN,Indiana,0
80019,Out of IA,Iowa,0
80020,Out of KS,Kansas,0
80021,Out of KY,Kentucky,0
80022,Out of LA,Louisiana,0
80023,Out of ME,Maine,0
80024,Out of MD,Maryland,0
80025,Out of MA,Massachusetts,0
80026,Out of MI,Michigan,119
80027,Out of MN,Minnesota,0
80028,Out of MS,Mississippi,0
80029,Out of MO,Missouri,0
80030,Out of MT,Montana,0
80031,Out of NE,Nebraska,0
80032,Out of NV,Nevada,0
80033,Out of NH,New Hampshire,0
80034,Out of NJ,New Jersey,0
80035,Out of NM,New Mexico,0
80036,Out of NY,New York,0
80037,Out of NC,North Carolina,0
80038,Out of ND,North Dakota,0
80039,Out of OH,Ohio,0
80040,Out of OK,Oklahoma,0
80041,Out of OR,Oregon,0
80042,Out of PA,Pennsylvania,0
72888,Out of PR,Puerto Rico,466
80044,Out of RI,Rhode Island,0
80045,Out of SC,South Carolina,0
80046,Out of SD,South Dakota,0
80047,Out of TN,Tennessee,2184
80048,Out of TX,Texas,0
80049,Out of UT,Utah,0
80050,Out of VT,Vermont,0
80051,Out of VA,Virginia,0
80053,Out of WA,Washington,0
80054,Out of WV,West Virginia,0
80055,Out of WI,Wisconsin,0
80056,Out of WY,Wyoming,0
88888,,Diamond Princess,49
90001,Unassigned,Alabama,1180
90002,Unassigned,Alaska,0
90004,Unassigned,Arizona,0
90005,Unassigned,Arkansas,1255
90006,Unassigned,California,0
90008,Unassigned,Colorado,0
90009,Unassigned,Connecticut,234
90010,Unassigned,Delaware,153
90011,Unassigned,District of Columbia,0
90012,Unassigned,Florida,404
90013,Unassigned,Georgia,1821
90015,Unassigned,Hawaii,0
90016,Unassigned,Idaho,0
90017,Unassigned,Illinois,1213
90018,Unassigned,Indiana,0
90019,Unassigned,Iowa,22
90020,Unassigned,Kansas,0
90021,Unassigned,Kentucky,4
90022,Unassigned,Louisiana,8
90023,Unassigned,Maine,24
90024,Unassigned,Maryland,0
90025,Unassigned,Massachusetts,317
90026,Unassigned,Michigan,7
90027,Unassigned,Minnesota,759
90028,Unassigned,Mississippi,0
90029,Unassigned,Missouri,0
90030,Unassigned,Montana,0
90031,Unassigned,Nebraska,125
90032,Unassigned,Nevada,0
90033,Unassigned,New Hampshire,0
90034,Unassigned,New Jersey,650
90035,Unassigned,New Mexico,955
90036,Unassigned,New York,0
90037,Unassigned,North Carolina,0
90038,Unassigned,North Dakota,0
90039,Unassigned,Ohio,0
90040,Unassigned,Oklahoma,0
90041,Unassigned,Oregon,0
90042,Unassigned,Pennsylvania,0
72999,Unassigned,Puerto Rico,324
90044,Unassigned,Rhode Island,1702
90045,Unassigned,South Carolina,0
90046,Unassigned,South Dakota,0
90047,Unassigned,Tennessee,1337
90048,Unassigned,Texas,0
90049,Unassigned,Utah,0
90050,Unassigned,Vermont,10
90051,Unassigned,Virginia,0
90053,Unassigned,Washington,114
90054,Unassigned,West Virginia,0
90055,Unassigned,Wisconsin,0
90056,Unassigned,Wyoming,0
99999,,Grand Princess,103
,Dukes and Nantucket,Massachusetts,88
,Kansas City,Missouri,3809
,Michigan Department of Corrections (MDOC),Michigan,4123
,Federal Correctional Institution (FCI),Michigan,188
,Bear River,Utah,1945
,Central Utah,Utah,306
,Southeast Utah,Utah,60
,Southwest Utah,Utah,2497
,TriCounty,Utah,109
,Weber-Morgan,Utah,2071